Every_Heart_-민나노키모치-	artist	보아	0.9981818181818182
GO_GO_서머!	artist	카라_(음악_그룹)	0.9981818181818182
Over_the_Rainbow	artist	장진영	0.5
THE_맨파워!!!	artist	모닝구무스메	0.9981818181818182
내_손을_잡아_(노래)	artist	아이유	0.9981818181818182
눈동자의_멜로디	artist	보이프렌드_(음악_그룹)	0.9981818181818182
다시_만난_세계	artist	소녀시대	0.9981818181818182
디라이토_(대성의_음반)	artist	빅뱅_(음악_그룹)	0.8915115845350317
라이징_스타	artist	타이미	0.9981818181818182
러브_네버_다이즈	artist	팬텀_(음악_그룹)	0.5
마이_페어_레이디	artist	마리아_(예수의_어머니)	0.5
바이바이_해피데이즈!	artist	카라_(음악_그룹)	0.9981818181818182
베리_해피	artist	자니스WEST	0.9981818181818182
부활LOVE	artist	아라시	0.9981818181818182
빙글빙글_커튼	artist	노기자카46	0.9981818181818182
아이오쿠라에	artist	슈퍼플라이	0.9981818181818182
여성시대·영원한_사랑	artist	티아라_(음악_그룹)	0.9981818181818182
웨이크_업!!	artist	유이카오리	0.9981818181818182
키미와보쿠오스키니나루	artist	PASSPO☆	0.7217528850952608
푸른_하늘_아래,_너의_옆	artist	아라시	0.9981818181818182
8일째_매미	author	가쿠다_미쓰요	0.9995934959349593
가족팔경	author	츠츠이_야스타카	0.6616068833810769
걸리버_여행기	author	로렌스_스턴	0.020529801324503327
구오대사	author	조선_태종	0.2839157608695652
기네스_세계_기록	author	잔_칼망	0.47968750000000004
달의_요정_세일러문_(만화)	author	츠키노_우사기	0.5
독한_것들의_진짜_운동법	author	박용우	0.5
두_사람이다	author	강경옥_(만화가)	0.717401006166829
북두의_권	author	유비	0.2916666666666667
삼국사기	author	해모수왕	0.5
삼국지연의	author	주유	0.5
수사반장	author	애거사_크리스티	0.5
오디세이_왜건,_인생을_달리다	author	시게마쓰_기요시	0.7087658544726302
우리들에게_날개는_없다	author	시노즈카_가즈노리	0.675107422924052
자치통감	author	연개소문	0.5
잠들지_않는_나무	author	조소혜	0.7203667953667954
캔디_캔디	author	이가라시_유미코	0.9944444444444445
쾌걸_조로리	author	하라_다쓰노리	0.5
킥_애스_2	author	마크_밀러	0.98125
퍼시픽_모비딕	author	허먼_멜빌	0.7198407698035397
SG_워너비	bandMember	채동하	0.9764705882352941
노브레인	bandMember	차승우	0.9764705882352941
다이나믹_듀오	bandMember	프라이머리_(음악가)	0.9991004497751124
들국화_(밴드)	bandMember	전인권	0.9990263459335624
러브홀릭스	bandMember	강현민	0.9764705882352941
롤링_스톤스	bandMember	제리_홀	0.73
메이트_(음악_그룹)	bandMember	임헌일	0.5
메이필드_포	bandMember	마일즈_케네디	0.9991004497751124
문차일드	bandMember	허정민	0.9990263459335624
베란다_프로젝트	bandMember	이상순	0.9990263459335624
베이비복스	bandMember	김형석_(음악가)	0.9507134834798106
블락비	bandMember	유권	0.9990263459335624
빅마마	bandMember	태빈	0.8494560849773205
시나위_(밴드)	bandMember	박현준_(야구_선수)	0.7179134697357203
언니네이발관	bandMember	이석원	0.9990263459335624
원더걸스	bandMember	안소희	0.9764705882352941
조나스_브라더스	bandMember	조_조너스	0.9991004497751124
쥬얼리	bandMember	조민아	0.9764705882352941
컬러스_(음악_그룹)	bandMember	강인원_(가수)	0.9990263459335624
퀸스_오브_더_스톤_에이지	bandMember	존_폴_존스_(음악가)	0.7028082398849658
견훤	battle	공산_동수_전투	0.9679433368310598
대한민국_국방부	battle	베트남_전쟁	0.8466436008728075
미쓰이_그룹	battle	제2차_세계_대전	0.5
소련군	battle	흥남_철수_작전	0.6890921320947094
안도_리키치	battle	제2차_세계_대전	0.8732955449274491
알렉산드로스_3세_메가스	battle	가우가멜라_전투	0.9679433368310598
알샤바브_(리야드)	battle	소말리아_내전	0.5
야하라_히로미치	battle	오키나와_전투	0.9679433368310598
어니스트_헤밍웨이	battle	카포레토_전투	0.32886897959805583
에르네스트_르낭	battle	프로이센-프랑스_전쟁	0.9501643655489809
영국군	battle	다이너모_작전	0.6461292071652341
오다_노부나가	battle	세키가하라_전투	0.7657873326775144
유비	battle	오초칠국의_난	0.3771943573667712
이순신	battle	사천_해전	0.9679433368310598
제임스_롱스트리트	battle	서부_전선_(제1차_세계_대전)	0.7018211564366849
조지_5세	battle	제1차_세계_대전	0.9679433368310598
칼_12세	battle	나르바_전투_(1700년)	0.9679433368310598
켄_로치	battle	스페인_내전	0.9875
포르쉐	battle	제2차_세계_대전	0.39086309523809526
훌라구	battle	아인잘루트_전투	0.3771943573667712
MBC_서울국제가요제	channel	문화방송	0.9524691358024691
결혼_7년	channel	한국방송공사	0.9558139534883721
능력자들	channel	문화방송	0.9128763715764119
대한민국_행복발전소	channel	한국방송공사	0.9691823899371069
더_엑스_팩터	channel	폭스_방송	0.756732971786324
명작_스캔들	channel	한국방송공사	0.882830207621708
모두_다_김치	channel	문화방송	0.9949010654490107
불어라_미풍아	channel	문화방송	0.9949010654490107
브라보_신세대	channel	한국방송공사	0.9558139534883721
비교체험_여행기_그곳에서_살아보기	channel	문화방송	0.9128763715764119
사랑이_사랑에게	channel	SBS_파워FM	0.6563200302152838
섀도우파이터	channel	문화방송	0.9949010654490107
스폰지밥_네모바지	channel	니켈로디언	0.9949010654490107
알게될거야	channel	한국방송공사	0.9558139534883721
와라!_편의점	channel	투니버스	0.5
의뢰인_K	channel	한국방송공사	0.9600760456273765
정글피쉬	channel	한국방송공사	0.9681481481481482
죠니_브라보	channel	폭스_방송	0.9503053435114504
파워퍼프걸	channel	폭스_방송	0.6804925137903861
호보_(드라마)	channel	문화방송	0.6907217759659181
강희제	child	건륭제	0.96875
교황_그레고리오_7세	child	콘라트_3세	0.4108814858490566
교황_니콜라오_5세	child	루키우스_안나이우스_세네카	0.7069499517736577
김창완	child	김창익	0.75
김형준_(1987년)	child	김세현_(야구_선수)	0.6135941644562335
김희철_(가수)	child	김정모	0.75
나카오카_신타로	child	도쿠가와_요시노부	0.7235867446393762
닌켄_천황	child	겐조_천황	0.725609756097561
다윗	child	베드로	0.5
당_무종	child	정덕제	0.03501655629139072
대한제국_고종	child	조선_정조	0.7199219615299417
루지에로_2세	child	하인리히_6세	0.715990057995029
루트비히_판_베토벤	child	프란츠_슈베르트	0.7230749651698639
마티아스	child	루돌프_2세	0.725609756097561
마티아스	child	페르디난트_2세	0.9873134328358208
마희성	child	마희범	0.9873134328358208
메이지_천황	child	다이쇼_천황	1.0
보두앵_(벨기에)	child	보두앵_5세_(예루살렘)	0.03649760895645787
사르타크	child	베르케_칸	0.0474126298999662
사이고_다카모리	child	오쿠보_도시미치	0.7146464071374987
사카모토_류이치	child	마츠다_류헤이	0.7266666666666667
성화제	child	조선_효종	0.02056246301294523
숭덕제	child	조선_세조	0.017782152230971127
스즈키_나나	child	나나_(가수)	0.4761884791897452
에드워드_3세	child	제1대_요크_공작_랭글리의_에드먼드	0.9995945945945945
오키타_소지	child	도도_헤이스케	0.5
유거	child	전한_애제	0.7165307971014493
유비	child	조조	0.725390625
잉마르_베리만	child	잉리드_툴린	0.7273809523809524
전한_무제	child	압델무멘_자부	0.29149021612149534
전한_무제	child	전한_소제_(8대)	0.9995945945945945
정철	child	송익필	0.7116657397107897
제임스_먼로	child	윌리엄_헨리_해리슨	0.99
조_큐버트	child	애덤_큐버트	0.6899553571428572
조선_예종	child	조선_성종	0.9873134328358208
조선_정조	child	대한제국_순종	0.7160496054747392
조선_태조	child	정도전	0.7166307692307692
조선_태조	child	조선_선조	0.7160496054747392
조선_태종	child	동치제	0.018192348806060243
존_(잉글랜드)	child	필리프_2세_(프랑스)	0.725561797752809
켄_그리피_1세	child	켄_그리피_주니어	0.6401205936920222
테오도시우스_1세	child	손권	0.2731707317073171
프리드리히_빌헬름_1세_(1620년)	child	아우구스투스	0.22533022533022534
플라톤	child	알렉산드로스_3세_메가스	0.04815634218289089
헌강왕	child	효공왕	0.6836495613424314
황기영	child	황비홍	0.9995945945945945
후트그투_칸_쿠살라	child	원_영종_(10대)	0.9847741600776758
흥덕왕	child	애장왕	0.5
49제	director	이영우_(야구인)	0.6529516676115115
YMCA_야구단	director	김현석_(축구인)	0.7235018989928127
김의_전쟁	director	임상수	0.6765620955059184
매트릭스_(영화)	director	더_워쇼스키스	0.8821609836472832
무간도	director	김동원_(1884년)	0.5
미쓰_홍당무	director	이경미	0.7159899458375525
박하사탕	director	봉준호	0.7070941697969059
베테랑_(영화)	director	블라디미르_페트코비치	0.28065124234768196
보통소년	director	박성훈_(야구_선수)	0.5
시라노;_연애조작단	director	김현석_(축구인)	0.7195752456626173
갈대	division	세균	0.5
군네라과	division	속씨식물	0.9969748838349471
꼬리고사리과	division	양치류	0.9934884969235087
나방	division	곤충	0.9969827586206896
단문류	division	곤충	0.9969827586206896
돌말류	division	진핵생물	0.07869377328200072
디메아투스속	division	피낭동물	0.9969748838349471
딱따구리목	division	아프리카오색조류	0.6872067925215922
딱정벌레목	division	곤충	0.9969827586206896
마황문	division	겉씨식물	0.5742156862745098
말즘	division	동물	0.5278856191539321
말피기목	division	속씨식물	0.9983367983367983
모니미아과	division	속씨식물	0.6558113398379124
베르베리돕시스과	division	속씨식물	0.9969748838349471
복숭아	division	가지_(식물)	0.5725538322171869
부등편모조류	division	돌말류	0.7217511695405685
비비아니아과	division	속씨식물	0.9969748838349471
산석류과	division	속씨식물	0.9969748838349471
엑스카바타	division	진핵생물	0.4875
유시아강	division	곤충	0.98125
윤조강	division	선태식물	0.7242571311472787
장미군	division	속씨식물	0.9983367983367983
주발버섯류	division	균계	0.9933333333333334
칼딜리네아과	division	세균	0.9857142857142858
털곰팡이목	division	접합균류	0.6558113398379124
하르펠라목	division	균계	0.9933333333333334
협죽도과	division	속씨식물	0.9969748838349471
훕바르디아속	division	속씨식물	0.9934884969235087
고려_공민왕	dynasty	원나라	0.0
고려_공양왕	dynasty	조선	0.0
고려_원종	dynasty	고려	0.0
고려_원종	dynasty	원나라	0.0
고려_충정왕	dynasty	원나라	0.0
대한제국_고종	dynasty	조선	0.0
명성황후	dynasty	조선	0.0
북송_인종	dynasty	북송	0.0
아유르시리다르_빌레그트_칸	dynasty	원나라	0.0
원_성종	dynasty	명나라	0.0
조선_성종	dynasty	원나라	0.0
조선_세종	dynasty	대한민국	0.0
조선_숙종	dynasty	조선	0.0
조선_철종	dynasty	조선	0.0
조선_태종	dynasty	고려	0.0
조선_헌종	dynasty	조선	0.0
참회왕_에드워드	dynasty	프랑스군	0.0
천명제	dynasty	조선	0.0
쿠빌라이_칸	dynasty	시리아	0.0
토구스_테무르_우스칼_칸	dynasty	명나라	0.0
가야역_(한국철도공사)	era	가야	0.0
경주시	era	신라	0.0
경주역사유적지구	era	신라	0.0
공주시	era	백제	0.0
김유신	era	백제	0.0
나라_현	era	신라	0.0
대왕의_꿈	era	백제	0.0
백제역사유적지구	era	백제	0.0
범일역_(한국철도공사)	era	가야	0.0
부인사	era	신라	0.0
삼국지	era	고구려	0.0
삼도봉_(민주지산)	era	백제	0.0
서호	era	백제	0.0
수원_화성	era	조선	0.0
신라	era	고구려	0.0
연개소문	era	신라	0.0
연남생	era	신라	0.0
오카자키_성	era	에도_막부	0.0
임휴사	era	고려	0.0
태왕사신기	era	고구려	0.0
가리야목	family	카르디옵테리스과	0.6584615384615384
감탕나무	family	필로노마과	0.7862398189261172
개미	family	흰개미	0.7188724467654252
검은담비	family	스컹크	0.866583909346852
게르프쥐여우원숭이	family	작은쥐여우원숭이	0.9994818652849741
곤충	family	호랑나비상과	0.7170061705465812
굴	family	흰개미	0.5345203513916404
꼴뚜기과	family	살오징어아과	0.729987577470528
나도바랭이아과	family	단토니아아과	0.8645786097306516
노랑발안테키누스	family	땃쥐류	0.643213351914606
노래미	family	쥐노래미	0.9261830697489012
니그레스켄테스절	family	비발바리아아속	0.9994818652849741
님바수달뒤쥐	family	애기수달뒤쥐속	0.9994818652849741
다람쥐	family	우는토끼	0.5983814467455506
달납줄개	family	납줄개속	0.9994818652849741
독수리	family	매	0.729987577470528
동물	family	재규어	0.5
드릴_(동물)	family	개코원숭이	0.9281712903498436
딱따구리목	family	쥐새과	0.6584615384615384
땃쥐목	family	아프리카두더지땃쥐류	0.6584615384615384
로리스	family	유인원	0.729987577470528
말피기목	family	버드나무과	0.6681818181818182
망토고함원숭이	family	고함원숭이	0.9994818652849741
매실나무	family	살구나무	0.8645786097306516
몽구스	family	쿠시만스속	0.729987577470528
무환자나무목	family	소태나무과	0.7014538369304556
미루나무	family	버즘나무	0.643213351914606
바다가마우지	family	쇠가마우지	0.9506868131868131
바위너구리	family	바위너구리과	0.7151435501919731
버지니아주머니쥐	family	코요테	0.7151435501919731
북극곰	family	큰곰	0.8645786097306516
불독개미아과	family	공룡개미	0.8645786097306516
붉은머리타마린	family	타마린	0.9994818652849741
비버	family	날다람쥐족	0.7317000725469605
비버	family	카피바라	0.7317000725469605
사슴	family	양	0.729987577470528
사슴풍뎅이	family	사슴풍뎅이속	0.9994818652849741
사헬란트로푸스	family	호모_하빌리스	0.8645786097306516
살구나무	family	자두	0.8645786097306516
상추	family	민들레	0.8645786097306516
소나무속	family	잎갈나무속	0.9507853403141362
스라소니속	family	카라칼속	0.9281712903498436
쌍떡잎식물	family	아욱과	0.5721096746509962
아프리카오릭스	family	긴칼뿔오릭스	0.8645786097306516
아프리카코끼리	family	아프리카코끼리속	0.9994818652849741
알락나방상과	family	굴벌레나방상과	0.741041571147693
앵두나무	family	모과나무	0.8645786097306516
양추아노사우루스	family	메트리아칸토사우루스과	0.8645786097306516
오갈피나무	family	팔손이	0.8645786097306516
오스트레일리아청개구리속	family	왕청개구리	0.8951982783615025
왜가리	family	매	0.6380645974417242
유인원	family	개코원숭이	0.729987577470528
작은사슴	family	사슴	0.729987577470528
참나무속	family	유인원	0.5
참복과	family	거북복과	0.729987577470528
참새목	family	아메리카솔새과	0.6681818181818182
참수리	family	흰꼬리수리	0.8645786097306516
청서번티기	family	청서번티기속	0.729987577470528
코아후일라케라톱스	family	카스모사우루스아과	0.9844627907514611
큰뿔사슴	family	사슴	0.729987577470528
파랑새목	family	벌잡이새류	0.6584615384615384
팔손이	family	두릅나무	0.8645786097306516
팡가시우스	family	메콩메기과	0.9877051618585044
하마	family	양	0.7862398189261172
호모_에렉투스	family	호모_하빌리스	0.8896028037383177
황금두더지	family	코끼리땃쥐	0.7217570772522666
휘파람새과	family	솔새과	0.866583909346852
그레그_카마이클	genre	컨트리_음악	0.4068357996198751
러브_스컬프쳐	genre	블루스	0.7148148367558113
레이디_가가	genre	리듬_앤드_블루스	0.754725693939549
로니_제임스_디오	genre	블루스	0.8456582228398849
마일린	genre	브릿팝	0.5
버클리_음악_대학	genre	재즈	0.5
보이존	genre	보이_밴드	0.6973105326561397
본_이베어	genre	포크송	0.7199889876205665
볼프강_아마데우스_모차르트	genre	인디_록	0.6686604180455161
브라운_아이드_걸스	genre	리듬_앤드_블루스	0.7690033177244608
블루_(음악_그룹)	genre	재즈	0.7968351813328667
앤서니_키디스	genre	헤비_메탈	0.8130597220208957
엘로	genre	네오_소울	0.6935582713752524
유튜브	genre	헤비_메탈	0.5
이언_길런	genre	록_음악	0.8989984183889526
이지_리스닝_(음반)	genre	블루스	0.7146978021978022
조이_디비전	genre	신스팝	0.8633490147317155
조현아	genre	재즈	0.7176682829938139
치오도스	genre	하드코어_펑크	0.7137166945680903
폴_데즈먼드	genre	재즈	0.9509060955518945
1988년_동계_올림픽	isPartOf	1992년_동계_올림픽	0.5
1988년_하계_올림픽	isPartOf	1986년_아시안_게임	0.5
2010년_FIFA_월드컵	isPartOf	얼굴	0.5
2012년_하계_올림픽_펜싱_남자_플뢰레_단체	isPartOf	1896년_하계_올림픽_체조_남자_철봉	0.5
2014년_FIFA_월드컵_결승전	isPartOf	FIFA_월드컵	0.5
AFC_본머스	isPartOf	리버풀_FC	0.5
CS_마리티무	isPartOf	레알_마드리드_CF	0.5
FC_디나모_키예프	isPartOf	FC_샬케_04	0.26666666666666666
FC_바이에른_뮌헨	isPartOf	맨체스터_시티_FC	0.5
FC_빅토리아_플젠	isPartOf	AC_스파르타_프라하	0.5
FC_빌	isPartOf	맨체스터_유나이티드_FC	0.5
FC_샤흐타르_도네츠크	isPartOf	FC_드니프로_드니프로페트로우스크	0.5
FC_제니트_상트페테르부르크	isPartOf	FC_서울	0.5
FC_포르투	isPartOf	비토리아_FC	0.5
FK_부두치노스트_포드고리차	isPartOf	ACF_피오렌티나	0.5
FK_부두치노스트_포드고리차	isPartOf	발렌시아_CF	0.2625
RC_스트라스부르	isPartOf	올랭피크_리옹	0.5
SS_라치오	isPartOf	UC_삼프도리아	0.5
UEFA_유로_2004	isPartOf	FIFA_컨페더레이션스컵	0.5
UEFA_유로_2008	isPartOf	UEFA_유로_2012	0.5
가니메데_(위성)	isPartOf	목성	0.5
가와사키_시	isPartOf	부천시	0.23936993260525696
가재	isPartOf	굴	0.5
가지예보	isPartOf	무르만스크_주	0.721770925932474
각막	isPartOf	눈썹	0.5
갈산역_(인천)	isPartOf	인천_도시철도	0.5
갈색	isPartOf	머리	0.5
강남구	isPartOf	영동대로	0.5
강서구_(서울특별시)	isPartOf	거제시	0.7244964628391931
강서구_(서울특별시)	isPartOf	목동_(서울)	0.7175309825294284
개성특급시	isPartOf	아라비아_반도	0.3830948275862069
경기고등학교	isPartOf	하버드_대학교	0.7171679539448075
경상남도	isPartOf	황해도	0.723027326561358
경신고등학교_(서울)	isPartOf	고려대학교	0.98
경주시	isPartOf	월성원자력발전소	0.714070991312029
경주시	isPartOf	충주시	0.7203584745864158
경희대학교	isPartOf	한림대학교	0.7276315789473684
고창_전투	isPartOf	공산_동수_전투	0.5
골든_글로브상	isPartOf	고야상	0.5
골든_글로브상	isPartOf	아카데미_음악상	0.27
공주시	isPartOf	익산시	0.6746831797190318
광산구	isPartOf	북구_(포항시)	0.6948292147512106
구로구	isPartOf	경인선	0.75
구르마_현	isPartOf	코몽자리_현	0.6992864559298569
구이린_시	isPartOf	저우산_시	0.6948292147512106
국립부여박물관	isPartOf	국립중앙박물관	0.720661525974026
국제_기독교_대학	isPartOf	에든버러_대학교	0.5
군포시	isPartOf	북구_(포항시)	0.6479660764767148
귀	isPartOf	굿펠로우나무타기캥거루	0.5
귀	isPartOf	노새	0.5
귀	isPartOf	발	0.5
귀	isPartOf	팔	0.5
규슈	isPartOf	아마미_제도	0.7217722602739726
그라나다	isPartOf	살라망카	0.8375708119216224
그래미상	isPartOf	아메리칸_뮤직_어워드	0.5
그리니치빌리지	isPartOf	할렘	0.8923696274449349
그리스	isPartOf	고대_아테네	0.9522388059701492
그리스	isPartOf	스칸디나비아	0.39374125874125876
그리스	isPartOf	키클라데스_제도	0.9531914893617022
금나라	isPartOf	동유럽	0.5
금정구	isPartOf	선두구동	0.5
기타	isPartOf	매드체스터	0.5
기타	isPartOf	재즈	0.5
기타라마	isPartOf	남부_주_(말라위)	0.025806451612903236
긴키_지방	isPartOf	육상_경기	0.5
김제시	isPartOf	익산시	0.714070991312029
김천시	isPartOf	군위군	0.6918802561996626
꽃	isPartOf	귀	0.5
꽃	isPartOf	두루미꽃	0.5
꽃	isPartOf	유채	0.5
나망간	isPartOf	시르다리야_강	0.7148496240601504
나미비아	isPartOf	대서양	0.2896008403361344
나우루	isPartOf	오세아니아	0.5
나카세케_구	isPartOf	마신디_구	0.721094791498553
나카세케_구	isPartOf	무코노_구	0.721094791498553
나카쓰_시	isPartOf	부젠_시	0.8878504349303401
나콘랏차시마	isPartOf	사라부리	0.6382295929897382
나파크_구	isPartOf	아무리아_구	0.7239079395826127
남레이테_주	isPartOf	민다나오_섬	0.7333333333333334
남아메리카	isPartOf	안데스_산맥	0.5
남아메리카	isPartOf	어깨	0.5
네브래스카_주	isPartOf	뉴멕시코_주	0.7250181554103123
네비_구	isPartOf	키트굼_구	0.721094791498553
녜라무_현	isPartOf	지구	0.5
노르망디	isPartOf	아키텐	0.7219118872845581
노리치	isPartOf	브리지포트	0.07443272313171129
노벨_화학상	isPartOf	조너선_로스	0.5
노스캐롤라이나_주	isPartOf	웨스트버지니아_주	0.9503125
누리스탄_주	isPartOf	쿠나르_주	0.6948292147512106
누벨아키텐	isPartOf	오베르뉴론알프	0.6181642040702537
뉴기니_섬	isPartOf	말레이_제도	0.75
뉴욕	isPartOf	노워크_(코네티컷_주)	0.8440620461147421
뉴욕	isPartOf	롱아일랜드시티	0.9904545454545455
뉴욕	isPartOf	상파울루	0.7285714285714285
뉴욕	isPartOf	신시내티	0.7592155319428047
뉴욕	isPartOf	이스트할렘	0.9904545454545455
뉴욕	isPartOf	캔자스_주	0.725210970464135
뉴욕_주	isPartOf	뉴멕시코_주	0.725531914893617
뉴욕_주립_대학교	isPartOf	스토니브룩_대학교	0.6948292147512106
뉴저지_주	isPartOf	버몬트_주	0.7707000060683353
뉴질랜드	isPartOf	누벨칼레도니	0.8375708119216224
뉴질랜드	isPartOf	오세아니아	0.723642308530083
다사읍	isPartOf	수성구	0.7203584745864158
단둥_시	isPartOf	압록강	0.8021511158546539
단원구	isPartOf	안산선	0.75
달	isPartOf	천지	0.5
달랏	isPartOf	칸_영화제	0.04918793503480279
달팽이	isPartOf	육상_경기	0.5
당리역	isPartOf	부산_도시철도	0.5
대구고등학교	isPartOf	영남대학교	0.5
대구여자고등학교	isPartOf	이화여자대학교	0.7171679539448075
대전광역시	isPartOf	평안도	0.6881976179308497
대한민국	isPartOf	유럽_연합	0.75
대한민국_예비군	isPartOf	대한민국_국군	0.40729166666666666
대한민국_체육청소년부	isPartOf	대한민국_문화관광부	0.5
대한민국_행정안전부	isPartOf	대한민국_국민안전처	0.5
덕양구	isPartOf	고려대학교	0.7235807502407244
데니즐리_주	isPartOf	우샤크_주	0.5813885582877776
데니즐리_주	isPartOf	이스파르타_주	0.5813885582877776
데르나_주	isPartOf	알와하트_주	0.6948292147512106
데바르_시	isPartOf	자야스_시	0.6918802561996626
델라웨어_주	isPartOf	매사추세츠_주	0.7707000060683353
델라웨어_주	isPartOf	펜실베이니아_주	0.950828729281768
델리	isPartOf	라호르_성	0.2749900159744409
도미니카_공화국	isPartOf	터크스_케이커스_제도	0.18956725318332462
도봉구	isPartOf	면목동	0.7124890798481504
도스박스	isPartOf	윈도우_9x	0.5
도쿄_대학	isPartOf	산마르코스_국립_대학교	0.05787634429885091
독일	isPartOf	알자스-로렌	0.3199596774193548
독일	isPartOf	추축국	0.27492260061919505
독일_사회민주당	isPartOf	독일_독립사회민주당	0.5
동다바오_주	isPartOf	동미사미스_주	0.5
동대문구	isPartOf	한국농촌경제연구원	0.6946185064935064
동부_주_(우간다)	isPartOf	키룬도_주	0.43175519989632605
동아나톨리아_지역	isPartOf	지중해	0.3830948275862069
두덩뼈	isPartOf	앞어금니	0.5
드로키아_구	isPartOf	돈두셰니_구	0.6189315352697096
등	isPartOf	목	0.5
등	isPartOf	허리	0.5
라도비시_시	isPartOf	바실레보_시	0.6918802561996626
라스크루시스	isPartOf	와이오밍_주	0.96
라오_인민혁명당	isPartOf	베트남_공산당	0.5
라이프치히_대학교	isPartOf	빈_대학교	0.05787634429885091
랜싱	isPartOf	효모	0.5
런던	isPartOf	시티오브런던	0.9512335526315789
런던	isPartOf	잭_더_리퍼	0.5
런던	isPartOf	코펜하겐	0.8375708119216224
런던	isPartOf	홀리루드_궁전	0.7049573293172691
레알_사라고사	isPartOf	레알_마드리드_CF	0.2625
레온_왕국	isPartOf	신성_로마_제국	0.4142391152549362
레이테_주	isPartOf	민다나오_섬	0.7333333333333334
로마	isPartOf	북아메리카	0.7988212985983496
로테르담	isPartOf	라인_강	0.9225371417739726
롭부리_주	isPartOf	나콘나욕_주	0.6948292147512106
롱아일랜드	isPartOf	뉴욕_주립_대학교	0.2889227121250961
롱아일랜드	isPartOf	코네티컷_주	0.7770548449337602
루블린_주	isPartOf	우치_주	0.6948292147512106
루이지애나_주	isPartOf	앨라배마_주	0.9503125
리베레츠_주	isPartOf	우스티_주	0.712241414487117
리베레츠_주	isPartOf	중앙보헤미아_주	0.7264705882352941
리우데자네이루	isPartOf	대서양	0.7249940052984174
리우데자네이루_주	isPartOf	미나스제라이스_주	0.950632911392405
리칠랜드_군_(사우스캐롤라이나_주)	isPartOf	사우스캐롤라이나_주	0.9546052631578947
린셰핑	isPartOf	스톡홀름	0.8938671259455642
마다바_주	isPartOf	요르단_강	0.5800235798420114
마드리드	isPartOf	툴루즈	0.670422145142642
마라차_구	isPartOf	아주마니_구	0.721094791498553
마르딘_주	isPartOf	디야르바키르_주	0.7222561874703383
마신디_구	isPartOf	불리사_구	0.721094791498553
마이애미	isPartOf	잭슨빌_(플로리다_주)	0.9785714285714286
마이크로소프트_액세스	isPartOf	마이크로소프트_오피스	0.5
마투그로수_주	isPartOf	아마조나스_주	0.7102469090081118
마투그로수_주	isPartOf	파라_주_(브라질)	0.7102469090081118
마틴즈빌_(인디애나_주)	isPartOf	인디애나폴리스	0.8857419401254125
마하사라캄	isPartOf	문_강	0.6161961122031114
마하칼리_구	isPartOf	세티_구	0.5724925159125152
만안구	isPartOf	삼영운수	0.6946185064935064
말리	isPartOf	베냉	0.9576923076923076
매사추세츠_공과대학교	isPartOf	조지아_공과대학교	0.7212631578947368
맥_(동물)	isPartOf	마이크로소프트_윈도우	0.5
먀오족	isPartOf	홍_강	0.5
메스케티	isPartOf	아할치헤	0.6918802561996626
메이저_리그_베이스볼	isPartOf	아메리카	0.5
메이저_리그_베이스볼	isPartOf	야구	0.5
메인_주	isPartOf	뉴잉글랜드	0.9531914893617022
메카	isPartOf	다마스쿠스	0.7242471098414571
멕시코시티	isPartOf	미초아칸_주	0.7248510431435293
멜라키_구	isPartOf	메나베_구	0.6161961122031114
몐주_시	isPartOf	청두_시	0.9506393861892584
모던휘그당	isPartOf	공화당_(미국)	0.5
모란봉구역	isPartOf	평양직할시	0.9995370370370371
모리오카_시	isPartOf	센다이_시	0.723027326561358
모세혈관	isPartOf	정맥	0.5
모스크바	isPartOf	런던_정치경제대학교	0.044729344729344755
목	isPartOf	암	0.5
목원대학교	isPartOf	감리교신학대학교	0.6948292147512106
몬_주	isPartOf	양곤_관구	0.7242601110076075
몬태나_주	isPartOf	와이오밍_주	0.8048927880990369
몬테네그로	isPartOf	토바고_섬	0.33742201208812633
몬트리올	isPartOf	밴쿠버	0.8823749779351251
몸통	isPartOf	피부	0.5
무장친위대	isPartOf	히틀러_청소년단	0.5
묵다한_주	isPartOf	마하사라캄_주	0.6948292147512106
문산읍_(파주시)	isPartOf	판문역	0.5
물고기	isPartOf	백해	0.5
물고기	isPartOf	임진강	0.5
미국	isPartOf	그린란드	0.18956725318332462
미국	isPartOf	멕시코_만	0.9531914893617022
미국	isPartOf	워싱턴_주	0.9818181818181818
미국	isPartOf	유럽	0.9576923076923076
미국	isPartOf	텍사스_주	0.9818181818181818
미국_국토안보부	isPartOf	대한민국_법무부	0.5
미군	isPartOf	제2보병사단_(미국)	0.5
미네소타_주	isPartOf	캘리포니아_주	0.9503521126760563
미시간_주립_대학교	isPartOf	코넬_대학교	0.7212631578947368
미시시피_주	isPartOf	루이지애나_주	0.9503125
미시시피_주	isPartOf	인디애나_주	0.7245405347203362
미주리_주	isPartOf	펜실베이니아_주	0.7707000060683353
미티아나_구	isPartOf	부코만심비_구	0.721094791498553
민주사회당_(독일)	isPartOf	미국_하원	0.5
민진당_(일본)	isPartOf	건국당	0.5
밀워키	isPartOf	애틀랜타	0.9506410256410256
바그다드	isPartOf	티그리스_강	0.75
바그마티_구	isPartOf	자낙푸르_구	0.7219833904629349
바르샤바	isPartOf	비스와_강	0.75
바스노르망디	isPartOf	오트노르망디	0.6930085371617629
바실란_주	isPartOf	칼리만탄우타라_주	0.7201874366767984
바우카우_현	isPartOf	라우텡_현	0.5813885582877776
박쥐	isPartOf	피부	0.5
반여농산물시장역	isPartOf	부산_도시철도	0.5
발루치스탄	isPartOf	신드_주	0.724063741002457
발루치스탄_주	isPartOf	시스탄오발루체스탄_주	0.05787634429885091
발베르데_주	isPartOf	엘리아스피냐_주	0.6948292147512106
발칸_반도	isPartOf	목성	0.5
배구	isPartOf	배드민턴	0.5
배드민턴	isPartOf	배구	0.5
배서스트_(뉴사우스웨일스_주)	isPartOf	뉴사우스웨일스_주	1.0
벌지_전투	isPartOf	서부_전선_(제1차_세계_대전)	0.5
범게	isPartOf	게	0.5
베누에_주	isPartOf	에도_주	0.6800500673616457
베니_주	isPartOf	오루로_주	0.5800235798420114
베르겐아우프뤼겐	isPartOf	뤼겐_섬	0.6946185064935064
베스테르보텐_주	isPartOf	노르보텐_주	0.8048927880990369
벨기에	isPartOf	노르트라인베스트팔렌_주	0.75
벨라루스	isPartOf	흑해	0.7251474926253687
보리멸	isPartOf	물고기	0.5
보수당_(영국)	isPartOf	얼스터_연합주의자당	0.5
보수당_(영국)	isPartOf	중앙당_(핀란드)	0.5
보이오티아_현	isPartOf	에비아_현	0.7243428024476122
보퍼트_해	isPartOf	오호츠크_해	0.6948292147512106
볼리비아	isPartOf	안데스_산맥	0.9531914893617022
봉평면	isPartOf	용평면	0.7242971954955824
봉화읍	isPartOf	영덕군	0.7249127962949629
부등편모조류	isPartOf	균계	0.5
부르고뉴	isPartOf	나바라_지방	0.05787634429885091
부산진구	isPartOf	중앙대로_(부산)	0.5041666666666667
부셰니_구	isPartOf	루쿵기리_구	0.721094791498553
부코만심비_구	isPartOf	셈바불레_구	0.721094791498553
북수리가오_주	isPartOf	남수리가오_주	0.73125
불라칸_주	isPartOf	누에바비스카야_주	0.5
붕고마_현	isPartOf	서포코트_현	0.7223068277792926
브네이브라크	isPartOf	텔아비브	0.9608108108108109
브라질	isPartOf	동유럽	0.7201874366767984
브라질	isPartOf	아프리카	0.7201874366767984
브렌트우드_(로스앤젤레스)	isPartOf	노샘프턴	0.07443272313171129
브롱아하포_주	isPartOf	아샨티_주	0.7246780266996824
브루클린	isPartOf	코네티컷_주	0.9024042895231765
블레인_(미네소타_주)	isPartOf	왓컴_군	0.6505428123927409
비아위스토크	isPartOf	프셰미실	0.7222561874703383
비엘코폴스카_주	isPartOf	우치_주	0.713430212302518
비옴부_주	isPartOf	키나라_주	0.6948292147512106
비잔티움_제국	isPartOf	로마_제국	0.7248228189723072
비텐베르크	isPartOf	할레-비텐베르크_대학교	0.7129670683926004
빌뉴스	isPartOf	다우가프필스	0.6797681337847543
빨강	isPartOf	머리	0.5
쁘라찐부리_주	isPartOf	나콘나욕_주	0.7011950075028736
사과나무	isPartOf	머리	0.5
사루후쓰_촌	isPartOf	소야	0.5
사마나_주	isPartOf	산토도밍고_주	0.6948292147512106
사완_현	isPartOf	이리_(펜실베이니아_주)	0.5
사우스요크셔_주	isPartOf	랭커셔_주	0.7404986925633995
사카테카스_주	isPartOf	텍사스_주	0.7215882202688962
사할린_섬	isPartOf	코만도르스키예_제도	0.6758820224719101
사할린_주	isPartOf	홋카이도	0.05787634429885091
산타엘레나_주	isPartOf	엘오로_주	0.5813885582877776
산후안_주_(아르헨티나)	isPartOf	페라비아_주	0.05787634429885091
상록구	isPartOf	철원군_(남)	0.6149164377289377
상파울루	isPartOf	서울특별시	0.8554185216035883
상하이_시	isPartOf	베이징_대학	0.7245405347203362
상하이_시	isPartOf	스톡홀름	0.034545454545454546
상하이_시	isPartOf	충칭_시	0.8611580215419501
새턴상	isPartOf	아카데미_여우조연상	0.5
서구_(광주광역시)	isPartOf	영도구	0.7013557677633014
서대문구	isPartOf	신영동_(서울)	0.5
서마케도니아_주	isPartOf	중앙그리스_주	0.6270641473483646
서머싯_주	isPartOf	글로스터셔_주	0.7375
서벵골_주	isPartOf	안드라프라데시_주	0.7250514403292181
서벵골_주	isPartOf	차티스가르_주	0.7250514403292181
서부_주_(우간다)	isPartOf	프와니_주	0.6800500673616457
서부마운틴코아티	isPartOf	안데스_산맥	0.5
서울대학교	isPartOf	인하대학교	0.7276315789473684
서울성경신학대학원대학교	isPartOf	합동신학대학원대학교	0.5724925159125152
서포모제_주	isPartOf	실롱스크_주	0.6948292147512106
선양_시	isPartOf	쓰촨_성	0.7247527179930613
선츠_현	isPartOf	숴저우_시	0.7076753857427809
성남시	isPartOf	안산시	0.8048927880990369
성동구	isPartOf	동부간선도로	0.5
성동구	isPartOf	서울숲	0.6946185064935064
성북구	isPartOf	노원구	0.952892561983471
성산구	isPartOf	거제시	0.7125298888768994
세인트루시아	isPartOf	서인도_연방	0.75
세인트루이스	isPartOf	뉴올리언스	0.7246978653758132
셰르부르옥트빌	isPartOf	캉	0.7011950075028736
셰퉁먼_현	isPartOf	지구	0.5
소	isPartOf	양	0.5
소노라_주	isPartOf	뉴멕시코_주	0.6800500673616457
소닉_R	isPartOf	소닉_드리프트	0.5
소비에트_연방_중앙집행위원회	isPartOf	붉은_군대	0.5
소순다_열도	isPartOf	말레이_제도	0.638432584269663
손발톱	isPartOf	검정	0.5
송정공원역	isPartOf	광주_도시철도	0.5
솽류_구	isPartOf	바오딩_시	0.7232215597991936
쇠데르만란드	isPartOf	외스테르예틀란드	0.7244843954604976
수영구	isPartOf	연제구	0.9185363139213361
수원시	isPartOf	평안남도	0.7168003796301798
수정역	isPartOf	부산_도시철도	0.5
숙명여자대학교	isPartOf	대경대학교	0.7212631578947368
스노_섬	isPartOf	사우스셰틀랜드_제도	0.525
스리랑카	isPartOf	솔로몬_제도	0.7081962652228475
스톡턴_(캘리포니아_주)	isPartOf	1976년_하계_올림픽	0.43125
스투데니차니_시	isPartOf	일린덴_시	0.6918802561996626
스페인	isPartOf	브리튼_제도	0.75
스페인	isPartOf	아_카펠라	0.25
스페인	isPartOf	제노바_공화국	0.665
시기리_(기니)	isPartOf	나이저_강	0.5800235798420114
시노프_주	isPartOf	카라뷔크_주	0.5813885582877776
시민민주당	isPartOf	독일_연방상원	0.5
시베리아	isPartOf	눈_(해부학)	0.5
시애틀	isPartOf	유타_주	0.723642308530083
시애틀	isPartOf	포틀랜드_(오리건_주)	0.8375708119216224
시카고	isPartOf	멜버른	0.7234977584691057
시카고	isPartOf	아시아	0.7242369079089377
실비치	isPartOf	롱비치_(캘리포니아_주)	0.773103235577113
싱부리_주	isPartOf	나콘빠톰_주	0.7011950075028736
싱카왕	isPartOf	폰티아낙	0.723027326561358
아라우카_주	isPartOf	보야카_주	0.6786556580864498
아메리카	isPartOf	버지니아_주	0.2755460367953534
아메리칸_하키_리그	isPartOf	내셔널_하키_리그	0.5724925159125152
아무리아_구	isPartOf	리라_구	0.721094791498553
아시아	isPartOf	버킷_리스트:_죽기_전에_꼭_하고_싶은_것들	0.7107951621204323
아시아	isPartOf	포스트_타워	0.3754092933670399
아시아_개발_은행	isPartOf	국제_통화_기금	0.5
아이다호_주	isPartOf	워싱턴_주	0.9535971223021582
아주대학교	isPartOf	숭실대학교	0.7212631578947368
아체_주	isPartOf	수마트라_섬	0.7238121700472353
아카데미_각본상	isPartOf	아카데미_작품상	0.5724925159125152
아카데미상	isPartOf	아카데미_주제가상	0.27
아카데미상	isPartOf	퓰리처상	0.27
아칸소_주	isPartOf	켄터키_주	0.8283783794900181
아타코라_주	isPartOf	알리보리_주	0.7011404750668554
아파크_구	isPartOf	오얌_구	0.721094791498553
아프리카코끼리	isPartOf	코	0.5
안나푸르나_산	isPartOf	히말라야_산맥	0.5
안드로이드_(운영_체제)	isPartOf	우분투_(운영_체제)	0.5
안바르_주	isPartOf	나자프_주	0.6948292147512106
안산_(서울)	isPartOf	이화여자대학교	0.6010416666666667
안티폴로	isPartOf	리살_주	0.9934474616292799
암	isPartOf	라바트	0.5
암비테	isPartOf	마드리드	0.7248365310828184
암스테르담	isPartOf	코펜하겐	0.8375708119216224
앙카라_주	isPartOf	볼루_주	0.7219833904629349
애너하임	isPartOf	로스앤젤레스	0.9546052631578947
애리조나_주	isPartOf	미시간_주	0.7265625
애선스_(오하이오_주)	isPartOf	앨라배마_주	0.7165228135588341
앨버커키	isPartOf	오하이오_주	0.7246141345387491
앵커리지	isPartOf	와실라	0.8684986170707749
양동시장역	isPartOf	광주_도시철도	0.7375
양산시	isPartOf	밀양시	0.723027326561358
어깨	isPartOf	관절	0.5
어깨	isPartOf	허리	0.5
어깨	isPartOf	허파	0.5
어퍼웨스트사이드	isPartOf	센트럴_파크	0.7242971954955824
언더우드_국제대학	isPartOf	연세대학교	0.7235807502407244
얼굴	isPartOf	출혈	0.5
에든버러	isPartOf	런던	0.8019554574229282
에든버러_페스티벌_프린지	isPartOf	에든버러_국제_페스티벌	0.525
에리스_(왜행성)	isPartOf	명왕성	0.25
에볼라바이러스	isPartOf	에볼라_출혈열	0.5
에콰도르	isPartOf	이사벨라_섬	0.9185363139213361
에히메_대학	isPartOf	니혼_대학	0.7235126303497162
엔도_전투	isPartOf	제다이의_귀환	0.5
엘오로_주	isPartOf	아수아이_주	0.6149164377289377
엘이에로_섬	isPartOf	카나리아_제도	0.697686190624033
엘패소	isPartOf	시우다드후아레스	0.9522243713733075
여우원숭이	isPartOf	머리	0.5
연안군	isPartOf	황해도	0.7200366300366301
영국	isPartOf	말라야_연방	0.7254237288135593
영국	isPartOf	트리스탄다쿠냐_제도	0.75
영등포구	isPartOf	탕산_시	0.05787634429885091
영암군	isPartOf	화순군	0.6918802561996626
예루살렘	isPartOf	성전기사단	0.27518915060425786
예루살렘	isPartOf	예호람	0.5
예루살렘	isPartOf	파티마_(포르투갈)	0.27518915060425786
예산군	isPartOf	천안시	0.714070991312029
예천군	isPartOf	한국폴리텍6대학	0.5
오드프랑스	isPartOf	바스노르망디	0.670422145142642
오리건_주	isPartOf	미주리_주	0.8375708119216224
오리건_주	isPartOf	산타페_가도	0.7375
오버우어젤	isPartOf	프랑크푸르트암마인	0.8878504349303401
오베르뉴	isPartOf	바스노르망디	0.7222561874703383
오스트레일리아	isPartOf	토러스_해협_제도	0.75
오크니차_구	isPartOf	르슈카니_구	0.6189315352697096
오클라호마_주	isPartOf	뉴멕시코_주	0.9503125
오클랜드_(뉴질랜드)	isPartOf	펜실베이니아_주	0.044729344729344755
오트피레네_주	isPartOf	나바라_지방	0.6161961122031114
오폴레_주	isPartOf	비엘코폴스카_주	0.6948292147512106
오하이오_대학교	isPartOf	버지니아_대학교	0.7212631578947368
오하이오_주	isPartOf	켄터키_주	0.9535971223021582
옥스퍼드_대학교	isPartOf	맨체스터_대학교	0.7212631578947368
옥스퍼드_대학교	isPartOf	프린스턴_고등연구소	0.43175519989632605
옥탸브리스코이레볼류치_섬	isPartOf	세베르나야제믈랴_제도	0.8375708119216224
옹진군_(인천광역시)	isPartOf	서산시	0.6891878852854463
옹진군_(인천광역시)	isPartOf	해남군	0.6602587948929917
와이오밍_주	isPartOf	노스플랫_강	0.80036401266131
완주군	isPartOf	논산시	0.6881976179308497
외이스튀를란드	isPartOf	메인_주	0.05787634429885091
외이스튀를란드	isPartOf	발칸_반도	0.5
외이스튀를란드	isPartOf	흑해	0.05787634429885091
요시다_정	isPartOf	사쿠라지마_섬	0.5370860320175974
요크	isPartOf	데이비스_(캘리포니아_주)	0.07443272313171129
용산구	isPartOf	용산동_(서울)	0.7242369079089377
우산이끼문	isPartOf	목	0.5
우지체	isPartOf	로즈니차	0.6618192255207185
우창_구	isPartOf	하얼빈_시	0.6475190446084648
울주군	isPartOf	청도군	0.6918802561996626
움살랄	isPartOf	알구와리야	0.6679836698974622
워링턴	isPartOf	보르도	0.7061863223583407
워싱턴_주	isPartOf	아이다호_주	0.9024042895231765
윈디_윌로우스의_앤	isPartOf	빨간_머리_앤	0.5
유라시아	isPartOf	수에즈	0.5
유럽	isPartOf	로키_산맥	0.735
유럽	isPartOf	지구	0.3129367077117511
유럽_연합	isPartOf	유럽_의회	0.7305555555555556
유성구	isPartOf	광주시_(경기도)	0.6904912389439828
유타_대학교	isPartOf	브리검영_대학교	0.7212631578947368
은코타코타	isPartOf	말라위_호	0.5724925159125152
의왕시	isPartOf	군포시	0.723027326561358
의정부시	isPartOf	양주시	0.9619705165102366
이르비드_주	isPartOf	발카_주	0.6953173374613003
이반다_구	isPartOf	셰마_구	0.721094791498553
이부스키_시	isPartOf	마쿠라자키_시	0.8878504349303401
이오_섬	isPartOf	사이판_섬	0.6875
이타키_섬	isPartOf	이오니아_제도	0.7011950075028736
이탈리아	isPartOf	북아메리카	0.7669260089788257
익산시	isPartOf	하버드_대학교	0.7235807502407244
인도	isPartOf	복음성가	0.25
인천하이텍고등학교	isPartOf	한라대학교	0.5
일렉트로팝	isPartOf	신스팝	0.5
일리노이_주	isPartOf	오클라호마_주	0.9506010928961749
일리노이_주	isPartOf	지구	0.5
일본	isPartOf	네덜란드령_동인도	0.2625
일본	isPartOf	삼바	0.25
일본	isPartOf	아시아	0.9576923076923076
자궁경부암	isPartOf	암	0.5
자주	isPartOf	털	0.5
잘츠부르크	isPartOf	바이에른_주	0.7248346200257986
전어	isPartOf	물고기	0.5
전주시	isPartOf	여주시	0.7227083914134373
정선	isPartOf	황해북도	0.5
정읍시	isPartOf	단국대학교	0.7239877518317128
제1차_상하이_사변	isPartOf	중일_전쟁	0.5
제8기계화보병사단_(대한민국)	isPartOf	해군육전대_(일본_제국)	0.5
제네바_대학교	isPartOf	베를린_훔볼트_대학교	0.05787634429885091
제주시	isPartOf	제주시_탐라도서관	0.6679836698974622
조지아_(국가)	isPartOf	흑해	0.9531914893617022
중구_(서울특별시)	isPartOf	한강	0.8943951515151515
중구역	isPartOf	붉은별역	0.046788990825688104
중국국민당	isPartOf	국민혁명군	0.5
중랑구	isPartOf	노원구	0.9586956521739131
중러우_구	isPartOf	창저우_시_(허베이_성)	0.6475190446084648
중앙아시아	isPartOf	동유럽	0.73125
중앙아시아	isPartOf	유라시아	0.3830948275862069
중화민국	isPartOf	유라시아	0.3830948275862069
중화인민공화국	isPartOf	아랍_연합_공화국	0.7081962652228475
지무나이_현	isPartOf	아러타이_시	0.718996454598447
지브롤터_해전	isPartOf	네덜란드_독립_전쟁	0.5
지중해	isPartOf	브리튼_제도	0.2727272727272727
진주	isPartOf	전라도	0.3830948275862069
진주민란	isPartOf	제너럴셔먼호_사건	0.5
징거미	isPartOf	물고기	0.5
징안_구	isPartOf	상하이_시	0.6475190446084648
징저우_시	isPartOf	충칭_시	0.2739583333333333
쯔중_현	isPartOf	루저우_시	0.7076753857427809
차_(음료)	isPartOf	패혈증	0.5
차슈카_시	isPartOf	데미르카피야_시	0.6918802561996626
차슈카_시	isPartOf	크루셰보_시	0.6382295929897382
창사_시	isPartOf	쿤밍_시	0.718389184824694
창원시	isPartOf	김해시	0.9543478260869565
청각_장애	isPartOf	지적_장애	0.5
초록	isPartOf	검정	0.5
초록	isPartOf	남색	0.5
초코_주	isPartOf	칼다스_주	0.6505428123927409
축구	isPartOf	레기오날리가	0.5
충남대학교	isPartOf	동국대학교	0.98
치앙라이_주	isPartOf	치앙마이_주	0.6948292147512106
칠레	isPartOf	엘키_현	0.956
칠레령_남극_지역	isPartOf	남극	0.008333333333333304
카가얀_주	isPartOf	북일로코스_주	0.7249940052984174
카게라_주	isPartOf	루콰_주	0.6948292147512106
카게라_주	isPartOf	응고지_주	0.05787634429885091
카롱가	isPartOf	말라위_호	0.5724925159125152
카루지_주	isPartOf	키룬도_주	0.6948292147512106
카르타고	isPartOf	알프스_산맥	0.6161961122031114
카바다르치_시	isPartOf	데미르카피야_시	0.6918802561996626
카보베르데	isPartOf	상비센트_섬	0.9699530975794017
카세세_구	isPartOf	키발레_구	0.721094791498553
카세아	isPartOf	위턱뼈	0.5
카셰우_주	isPartOf	오이우_주	0.6948292147512106
카이세리_주	isPartOf	기레순_주	0.6181642040702537
카탄두아네스_주	isPartOf	북카마리네스_주	0.5
칼리닌그라드	isPartOf	괴팅겐_대학교	0.27222222222222225
캄퐁참_주	isPartOf	스퉁트렝_주	0.7225745966691082
캐나다	isPartOf	일본	0.9576923076923076
캐나다	isPartOf	타이완	0.7194936124365092
캐나다	isPartOf	포클랜드_제도	0.75
캐나다	isPartOf	폴란드	0.9576923076923076
캔자스_대학교	isPartOf	엑서터_대학교	0.6948292147512106
캔자스_주	isPartOf	하와이_주	0.7840148912387536
커빙턴_(루이지애나_주)	isPartOf	킹_군_(워싱턴_주)	0.6125322574118116
컬럼비아_(사우스캐롤라이나_주)	isPartOf	세인트루이스	0.7243382554059115
컬럼비아_(사우스캐롤라이나_주)	isPartOf	컬럼비아_우주왕복선	0.6692211628995247
컬럼비아_대학교	isPartOf	연세대학교	0.7212631578947368
케임브리지_대학교	isPartOf	하버드_대학교	0.98
코	isPartOf	머리뼈	0.5
코	isPartOf	손가락	0.5
코	isPartOf	하양	0.5
코네티컷_주	isPartOf	매사추세츠_주	0.9576923076923076
코린티아_현	isPartOf	메시니아_현	0.7243428024476122
코모도_섬	isPartOf	누사틍가라티무르_주	0.9934474616292799
코바리마_현	isPartOf	누사틍가라티무르_주	0.05787634429885091
코아우일라_주	isPartOf	할리스코_주	0.72329064919595
코펜하겐	isPartOf	독일_국방군	0.05787634429885091
쾰른	isPartOf	부에노스아이레스	0.6830369666813679
쿤디나마르카_주	isPartOf	우일라_주_(콜롬비아)	0.7132627517410126
퀵실버_(마블_코믹스)	isPartOf	MacOS	0.5
퀸스	isPartOf	텍사스_대학교_오스틴	0.7229065784445541
크라이스트처치	isPartOf	세인트마이클_교구	0.30570391661585805
크레타	isPartOf	로도스_섬	0.7238121700472353
클루지_주	isPartOf	아라드_주	0.712241414487117
클리블랜드	isPartOf	오하이오_주립_대학교	0.952892561983471
키르셰히르_주	isPartOf	네브셰히르_주	0.5813885582877776
키시너우	isPartOf	커우셰니_구	0.7165393109540636
키체보_시	isPartOf	자야스_시	0.6918802561996626
킬리만자로_주	isPartOf	모로고로_주	0.6948292147512106
타이완	isPartOf	소앤틸리스_제도	0.7194936124365092
탄산	isPartOf	이산화_탄소	0.5
터키	isPartOf	축구	0.26875
털	isPartOf	개미핥기	0.5
털	isPartOf	노루	0.5
털	isPartOf	오렌지	0.5
털	isPartOf	종기	0.5
테니스	isPartOf	게이큐_본선	0.5
테살로니키	isPartOf	일리리아	0.6786556580864498
텍사스_주	isPartOf	파나마_운하	0.3913392857142857
톄링_시	isPartOf	랴오양_시	0.7799848490606671
토아마시나_주	isPartOf	마하장가_주	0.6948292147512106
토토니카판_주	isPartOf	수치테페케스_주	0.6948292147512106
투페이스	isPartOf	얼굴	0.5
퉁더_현	isPartOf	하이난_성	0.04918793503480279
퉁하이_현	isPartOf	위시_시	0.7076753857427809
튀니지	isPartOf	아틀라스_산맥	0.7251474926253687
트렌친_주	isPartOf	반스카비스트리차_주	0.7240760516948548
트빌리시	isPartOf	다게스탄_공화국	0.7241232172083236
파리_(프랑스)	isPartOf	펜실베이니아_대학교	0.714070991312029
파푸아뉴기니	isPartOf	뉴브리튼_섬	0.9531914893617022
팔	isPartOf	골절	0.5
팔레스타인	isPartOf	유럽	0.7247558070279929
팡가시난_주	isPartOf	루손_섬	0.7201874366767984
펑청_시_(단둥_시)	isPartOf	이춘_시_(헤이룽장_성)	0.7025993642687074
페루	isPartOf	남아메리카	0.7201874366767984
페트로베츠_시	isPartOf	스베티니콜레_시	0.6382295929897382
페트로베츠_시	isPartOf	쿠마노보_시	0.6131551736554122
펜서콜라	isPartOf	멕시코_만	0.635960042054498
평산군	isPartOf	평부선	0.5
평양직할시	isPartOf	요코하마_시	0.8375708119216224
평양직할시	isPartOf	자강도	0.9509803921568627
포토시_주	isPartOf	라파스_주_(볼리비아)	0.7030237108465565
포트리스_3	isPartOf	포트리스_2	0.5
포트무디	isPartOf	극락조자리_델타	0.5
포트엘리자베스	isPartOf	이스트런던	0.7030237108465565
푸스발-분데스리가	isPartOf	라리가	0.05787634429885091
푸아티에_전투	isPartOf	백년_전쟁	0.5
프라하	isPartOf	모스크바	0.9535087719298245
프랑스	isPartOf	마스카렌_제도	0.9531914893617022
프랑스	isPartOf	브르타뉴	0.9619705165102366
프랑스	isPartOf	얼굴	0.5
프래_주	isPartOf	나콘사완_주	0.6948292147512106
프레더릭스버그_(버지니아_주)	isPartOf	리치먼드_(버지니아_주)	0.7250153374233128
프레스턴_노스_엔드_FC	isPartOf	노리치_시티_FC	0.5
프리모르스키_지방	isPartOf	홋카이도	0.05787634429885091
프리슬란트_주	isPartOf	니더작센_주	0.96
프릴레프	isPartOf	벨레스_(도시)	0.6382295929897382
플로레슈티_구	isPartOf	르슈카니_구	0.6189315352697096
플로리나_현	isPartOf	서마케도니아_주	0.9995370370370371
플로리다_주	isPartOf	하와이_주	0.9875
플로리다_준주	isPartOf	플로리다_주	0.75
피에몬테_주	isPartOf	토스카나_주	0.9522857142857143
필리핀	isPartOf	말루쿠_제도	0.7251474926253687
하바롭스크_지방	isPartOf	프리모르스키_지방	0.9185363139213361
하버드_대학교	isPartOf	매사추세츠_공과대학교	0.98
하양	isPartOf	눈썹	0.5
하얼빈_시	isPartOf	항저우_시	0.7148310036093903
하와이기러기	isPartOf	하와이_제도	0.5
하이데라바드_(인도)	isPartOf	신드_주	0.6519496560350219
하이퍼카드	isPartOf	MacOS	0.5
하이퐁	isPartOf	다낭	0.7024342211769659
한국	isPartOf	충청남도	0.75
한반도	isPartOf	보령시	0.7837062761471545
한반도	isPartOf	청서	0.5
한반도	isPartOf	홋카이도	0.6767362505018065
할리스코_주	isPartOf	미초아칸_주	0.8879839021584602
함경남도	isPartOf	두만강	0.7217722602739726
항문	isPartOf	갈색	0.5
해리슨_(뉴저지_주)	isPartOf	뇌종양	0.5
해머스미스	isPartOf	시티오브런던	0.6918411448328852
해먼드_(인디애나_주)	isPartOf	시카고	0.7240991021173948
향산군	isPartOf	자강도	0.7203584745864158
허파	isPartOf	뇌	0.5
헬싱	isPartOf	헬싱키	0.5
혀	isPartOf	초록	0.5
호위함대	isPartOf	자위함대	0.5
혼슈	isPartOf	간토_지방	0.9024042895231765
홍해	isPartOf	대서양	0.3830948275862069
홍해	isPartOf	아카바_만	0.5
화이트_마쉬_전투	isPartOf	미국_독립_전쟁	0.5
황해	isPartOf	연평도	0.7217722602739726
회색	isPartOf	얼굴	0.5
흐로드나_주	isPartOf	호멜_주	0.034545454545454546
흔들리는_마음	isPartOf	시간의_날개	0.5
히로시마_시	isPartOf	미조구치_겐지	0.5
고려여객	keyPerson	박주현_(야구_선수)	0.5
구글	keyPerson	세르게이_브린	0.9956
금융결제원	keyPerson	원장	0.5
닌텐도	keyPerson	야마우치_히로시	0.9822916666666667
드림웍스_애니메이션	keyPerson	톰_맥그래스	0.8653236363636363
로켓_레코드_컴퍼니	keyPerson	엘튼_존	0.9807692307692308
맥도널	keyPerson	바비_샌즈	0.29270833333333335
미래엔	keyPerson	김광수_(1981년)	0.5
미스_유니버스	keyPerson	도널드_트럼프	0.7225203465476503
브리지스톤	keyPerson	이시바시_쇼지로	0.9956
삼성그룹	keyPerson	김동광	0.5
워너_브라더스	keyPerson	캐서린_헵번	0.73
일본음악저작권협회	keyPerson	사카이_이즈미	0.31890425345702783
저스트뮤직	keyPerson	천재노창	0.9875
제너럴_모터스	keyPerson	프랭클린_D._루스벨트	0.7333333333333334
카툰_네트워크_스튜디오	keyPerson	리베카_슈거	0.9833333333333334
파라마운트_픽쳐스	keyPerson	앤서니_에드워즈	0.7207245996324494
포드_모터_컴퍼니	keyPerson	재키_윌슨	0.7225203465476503
픽사	keyPerson	피트_닥터	0.9714285714285714
한국방송공사	keyPerson	서혜정	0.6887687969924812
가와바타_야스나리	knownFor	설국	0.9986842105263158
공형진	knownFor	KBS_뉴스_9	0.7185732914626357
구로사와_아키라	knownFor	붉은_수염	1.0
권상우	knownFor	기담	0.7215044998732429
김승우	knownFor	신_귀공자	0.9875634517766497
나폴레옹_3세	knownFor	갈리아_전기	0.5
니콜라이_코스테르발다우	knownFor	벡	0.5
다이앤_레인	knownFor	리틀_로망스	0.9875634517766497
다카하타_이사오	knownFor	귀를_기울이면	0.9735294117647059
레오나르도_다_빈치	knownFor	모나리자	0.9986842105263158
로버트_캐니거	knownFor	배트맨	0.31729166666666664
루이스_캐럴	knownFor	바텐베르크_공녀_앨리스	0.5
리누스_토르발스	knownFor	리눅스	0.5995535714285715
미셸_모너핸	knownFor	미션_임파서블_3	0.9875634517766497
박성우_(만화가)	knownFor	영_간간	0.5598214285714286
발터_그로피우스	knownFor	데사우	0.7185732914626357
빈센트_반_고흐	knownFor	밤의_카페_테라스	0.9986842105263158
세르게이_디아길레프	knownFor	미하일_포킨	0.5
송기윤	knownFor	바람은_불어도	0.6899679919137467
스다_마사키	knownFor	테니스의_왕자	0.636083916083916
스티브_피크	knownFor	리그_오브_레전드	0.99
시어도어_루스벨트	knownFor	브로드웨이	0.75
심혜진	knownFor	당신_옆이_좋아	0.6305325223435948
아돌프_히틀러	knownFor	나의_투쟁	0.9986842105263158
아우구스트_바이스만	knownFor	찰스_다윈	0.3029875785265562
어니스트_헤밍웨이	knownFor	아바나	0.2742857142857143
엄지원	knownFor	매직_(드라마)	0.7084395871281117
에도가와_코난	knownFor	마녀_배달부_키키	0.6501136363636364
오스카_와일드	knownFor	프로스페르_메리메	0.5
요하네스_케플러	knownFor	튀코_브라헤	0.5
월터_스콧	knownFor	프랭크_(영화)	0.5
윌리엄_댐피어	knownFor	뉴기니_섬	0.5
이고리_스트렐코프	knownFor	호를리우카	0.5
이언_플레밍	knownFor	치티치티뱅뱅_(영화)	0.7248828013533896
이창동	knownFor	박하사탕	0.9955357142857143
장_주네	knownFor	하녀들	0.04038461538461541
제니퍼_로페즈	knownFor	웨딩드레스_(드라마)	0.3725
제임스_마시	knownFor	맨_온_와이어	0.9955357142857143
제임스_얼_레이	knownFor	마틴_루터_킹_주니어	0.5
제프_로브	knownFor	캡틴_아메리카	0.31729166666666664
클로드_프롤로	knownFor	파리의_노트르담	0.7154566498316498
톰_행크스	knownFor	아폴로_13	0.9875634517766497
파울_하우서	knownFor	이반_코네프	0.5
하후돈	knownFor	삼국지	0.5
헨리크_입센	knownFor	페르_귄트	1.0
눈의_꽃	language	한국어	0.760377226264431
도라도라_영어나라	language	스페인어	0.760377226264431
라일로	language	영어	0.7130583911800735
바이두백과	language	중국어	0.7186916208791209
술의_나라	language	노르웨이어	0.5344110156130755
신조인간_캐산	language	일본어	0.5
악마의_시	language	일본어	0.3036573612495846
오토캐드	language	한국어	0.7130583911800735
위키배움터	language	영어	0.354718137254902
위키백과	language	영어	0.9503537735849057
위키백과	language	폴란드어	0.774910170664636
위키백과	language	한문	0.6754153050108933
위키트래블	language	영어	0.7230883847632852
윈도우_NT_3.5	language	한국어	0.8970918786584945
인터내셔널_뉴욕_타임스	language	영어	0.774910170664636
집결호	language	영어	0.7230883847632852
춘추좌씨전	language	광둥어	0.6413510653744391
코리올란_서곡	language	독일어	0.5
포_그린_필즈	language	영어	0.47501556694669467
하트_커넥트	language	한국어	0.5
광둥어	languageFamily	민난어	0.7285714285714285
라트비아어	languageFamily	우크라이나어	0.7207456140350877
리키아어	languageFamily	시데어	0.6965610720458366
리키아어	languageFamily	카리아어	0.7166793478260869
말라가시어	languageFamily	테툼어	0.6914006146500051
백제어	languageFamily	신라어	0.2503226823097021
벨라루스어	languageFamily	헝가리어	0.9722222222222222
셀쿠프어	languageFamily	러시아어	0.722752503469227
소그드어	languageFamily	웨일스어	0.6518934775982932
스페인어	languageFamily	독일어	0.7254385964912281
아이누어	languageFamily	네덜란드어	0.331015037593985
아이누어	languageFamily	티베트어	0.331015037593985
일본어	languageFamily	네덜란드어	0.7210983606557377
일본어	languageFamily	핀란드어	0.6457424812030075
중국어	languageFamily	베트남어	0.9535087719298245
중국어	languageFamily	불가리아어	0.68140664160401
중국어	languageFamily	스페인어	0.6962848297213622
카렐리야어	languageFamily	네네츠어	0.7227097902097902
티베트어	languageFamily	체코어	0.30017337956788476
프랑스어	languageFamily	이디시어	0.8653000298062593
프랑스어	languageFamily	일본어	0.7241823308270676
프랑스어	languageFamily	체코어	0.7241823308270676
프랑스어	languageFamily	히브리어	0.7217324561403509
핀란드어	languageFamily	베트남어	0.6457424812030075
하우사어	languageFamily	그리스어	0.03421052631578947
한국어	languageFamily	몽골어	0.7210983606557377
헝가리어	languageFamily	롬어	0.8240169864737339
히브리어	languageFamily	링갈라어	0.29551547194628086
히브리어	languageFamily	코이네_그리스어	0.7011963569002779
남조선로동당	leader	조소앙	0.4125
노동당_(영국)	leader	데이비드_캐머런	0.9525547445255474
대한민국_국회	leader	장면	0.725068870523416
대한민국_법무부	leader	이사악	0.5
대한민국_소방방재청	leader	남상호	0.5
대한민국_여성가족부	leader	장면	0.5
대한민국_육군사관학교	leader	박준병_(1933년)	0.2878047541649736
미군	leader	야마모토_이소로쿠	0.5
민주당_(미국)	leader	테오도로_피카도_미찰스키	0.2625
민주사회를_위한_변호사_모임	leader	박원순	0.6872380063420622
민주진보당	leader	마잉주	0.5791666666666666
북인	leader	이황	0.5
사회당_(프랑스)	leader	장_조레스	0.5
영국군	leader	웨일스_공_찰스	0.5
오스트리아_연방육군	leader	프란츠_콘라트_폰_회첸도르프_백작	0.9650000000000001
이스라엘_방위군	leader	레비_에슈콜	0.5625
자유민주당_(일본)	leader	구리바야시_다다미치	0.7194132231404958
자유민주당_(일본)	leader	후쿠다_야스오	0.9519108280254778
중국국민당	leader	얀_스뮈츠	0.2625
중화인민공화국_국무원	leader	황쥐	0.98
한국	leader	넬슨_신	0.25
한국	leader	다비드_데_헤아	0.34
한국	leader	마크_트웨인	0.4079166666666667
한국	leader	변희봉	0.8018539357267973
한국	leader	윤이상	0.44335772257747175
한국	leader	최영의	0.7188535227006471
한국	leader	홍범도	0.6688975817923186
한국	leader	홍혜걸	0.34523809523809523
FC_루빈_카잔	league	프리미어리그	0.7143364489134836
FC_바이에른_뮌헨	league	세리에_A	0.7561966564124627
다윈_바니	league	메이저_리그_베이스볼	0.9875
디트로이트_타이거스	league	마이너_리그_베이스볼	0.7237702903396706
마레크_얀쿨로프스키	league	세리에_A	0.7244790623121619
마스부치_다쓰요시	league	센트럴_리그	0.9875
마이애미_히트	league	사우스이스트_디비전_(NBA)	0.9587301587301587
마이크_티어넌	league	메이저_리그_베이스볼	0.5
볼티모어_오리올스	league	마이너_리그_베이스볼	0.8137253254778924
브랜치_리키	league	메이저_리그_베이스볼	0.5
브와제이_아우구스틴	league	엑스트라클라사	0.7244790623121619
사이토_유키_(1988년)	league	퍼시픽_리그	0.9875
샌프란시스코_데몬스	league	서부_콘퍼런스_(NBA)	0.6964110994444999
세인트루이스_카디널스	league	메이저_리그_베이스볼	0.8137253254778924
세인트루이스_카디널스	league	텍사스_리그	0.8137253254778924
송진형	league	K리그	0.9517857142857142
알렌_아브디치	league	K리그	0.40228411140052095
알아흘리_(두바이)	league	프리미어리그	0.7244931043462148
오스틴_로민	league	메이저_리그_베이스볼	0.9875
원광대학교	league	메이저_리그_베이스볼	0.5
윌리_맥코비	league	메이저_리그_베이스볼	0.5
음보_음펜자	league	푸스발-분데스리가	0.3893341033966034
제이슨_베이	league	메이저_리그_베이스볼	0.4442758749069248
조_마워	league	내셔널_리그_(야구)	0.4442758749069248
조_콜	league	북미_축구_리그	0.7244790623121619
조바_체임벌린	league	메이저_리그_베이스볼	0.9875
존_(잉글랜드)	league	메이저_리그_베이스볼	0.27375
지경훈	league	프리미어리그	0.5
짐_아이젠라이크	league	메이저_리그_베이스볼	0.9875
참회왕_에드워드	league	내셔널_하키_리그	0.27375
채드_크루터	league	메이저_리그_베이스볼	0.9875
칼초_파도바	league	세리에_A	0.8552868635095688
텍사스_레인저스	league	프리미어리그	0.5
포틀랜드_팀버스	league	북미_축구_리그	0.7231818181818181
폴_개스코인	league	세리에_A	0.7244790623121619
스티브_브루스	managerClub	카디프_시티_FC	0.8486723662437948
알렉스_퍼거슨	managerClub	ACF_피오렌티나	0.7173081025374853
알렉스_퍼거슨	managerClub	리즈_유나이티드_AFC	0.7082951736357289
알렉스_퍼거슨	managerClub	맨체스터_시티_FC	0.7245408553145642
알렉스_퍼거슨	managerClub	에버턴_FC	0.7154952401683534
알렉스_퍼거슨	managerClub	울버햄프턴_원더러스_FC	0.7082951736357289
GE_제네시스_시리즈	manufacturer	제너럴_일렉트릭	0.5
KAI_수리온	manufacturer	국군의무사령부	0.5
기아_타우너	manufacturer	기아자동차	0.6938018493427465
닛산_마치	manufacturer	닛산_자동차	0.7194331576250091
닛산_스카이라인	manufacturer	메르세데스-벤츠	0.7163119637926197
닷지_다코타	manufacturer	닷지	0.7155482456140351
메르세데스-벤츠_C_클래스	manufacturer	메르세데스-벤츠	0.7235782075067789
메르세데스-벤츠_SLR_맥라렌	manufacturer	다임러_AG	0.8535764560378345
쉐보레_올란도	manufacturer	한국GM	0.9505988023952096
스마트_포투	manufacturer	스마트_(자동차)	0.7237092391304347
아우디_RS7	manufacturer	아우디	0.7232768808331957
암트랙_뷰라이너	manufacturer	암트랙	0.728125
찬드라얀_1호	manufacturer	사티시_다완_우주_센터	0.5
토요타_2000GT	manufacturer	토요타_자동차	0.9547348484848485
포드_20M	manufacturer	포드_모터_컴퍼니	0.305030368338558
포드_20M	manufacturer	현대자동차	0.7787469403762154
포르쉐_파나메라	manufacturer	폭스바겐	0.7179080415117376
폭스바겐_비틀	manufacturer	포르쉐	0.75
현대_슈퍼트럭	manufacturer	대우중공업	0.652057388383477
현대_슈퍼트럭	manufacturer	미쓰비시후소트럭_버스	0.9532258064516129
동탁	opponent	장제_(후한)	0.6909722222222222
동탁	opponent	후한_헌제	0.540625
두건덕	opponent	왕세충	0.5
문재인	opponent	박근혜	1.0
백선엽	opponent	유재흥	0.7015232974910395
악진	opponent	조조	0.7406318649554862
우금	opponent	장수_(후한)	0.6909722222222222
우금	opponent	조조	0.7015232974910395
위연	opponent	마속	0.7406318649554862
임호균	opponent	김정수_(1962년)	0.525
장수_(후한)	opponent	관우	0.6342147435897436
장수_(후한)	opponent	다윗	0.02894736842105261
장수_(후한)	opponent	마속	0.6909722222222222
장수_(후한)	opponent	북송_태조	0.7266666666666667
장수_(후한)	opponent	손견	0.71625
장수_(후한)	opponent	정극상	0.3051185344827586
장수_(후한)	opponent	폴리테스	0.5
장수_(후한)	opponent	항우	0.34086206896551724
조운_(촉한)	opponent	유비	0.7406318649554862
항우	opponent	장수_(후한)	0.3774193548387097
갈색발왕개미	order	벌목_(곤충)	0.9884087387833935
개복치	order	오징어	0.5887418393844849
거미	order	도마뱀	0.6563038698328936
거미강	order	기생진드기상목	0.7103375673907619
검룡류	order	후양고사우루스	0.7184362073422957
검은반점쿠스쿠스	order	유대류	0.9517832647462277
고래상어	order	수염고래아목	0.7138032720170524
곤충	order	갑각류	0.6546382643688216
곤충	order	강도래	0.6546382643688216
곰치과	order	조기어류	0.9558823529411764
공룡	order	조반목	0.9733181460758469
광비원류	order	포유류	0.9517832647462277
까불이족제비여우원숭이	order	여우원숭이	0.9884087387833935
까치딱새류	order	새	0.9558823529411764
꼬마주머니쥐속	order	유대류	0.9517832647462277
나르키네과	order	연골어류	0.9517832647462277
나무늘보	order	포유류	0.9517832647462277
나무발발이상과	order	새	0.9558823529411764
납작머리땃쥐	order	포유류	0.9517832647462277
네모데르마_팅기타눔	order	갈조류	0.9517832647462277
능구렁이	order	설치류	0.6603304117726414
대구목	order	조기어류	0.9517832647462277
데스마토수쿠스	order	지배파충류	0.5529491525423729
도마뱀	order	뱀	0.7974124735588486
도요목	order	꼬마물떼새	0.7789862603967632
돌조개목	order	홍합	0.7136011237969532
동갈돔과	order	조기어류	0.9517832647462277
되새과	order	참새	0.838695882465831
딱정벌레목	order	물땡땡이과	0.7789862603967632
딱정벌레목	order	지렁이	0.7029306858082581
라이톤린상	order	포유류	0.9517832647462277
레비아시나과	order	조기어류	0.9558823529411764
로라이마쥐	order	비단털쥐	0.838695882465831
마취목	order	쌍떡잎식물	0.8254815601078653
말벌상과	order	곤충	0.9558823529411764
매퉁이과	order	조기어류	0.9517832647462277
맵시벌과	order	곤충	0.9517832647462277
메갈로사우루스	order	공룡	0.7974124735588486
메소스티그마	order	별해캄목	0.6580039973578717
명금류	order	참새하목	0.9761744966442953
명주달팽이	order	복족류	0.9517832647462277
무환자나무목	order	장미목	0.5345956107626936
문절망둑	order	물고기	0.6150372330949228
물고기	order	도마뱀	0.6796960072595282
미나리목	order	산호랑나비	0.5
민다나오땃쥐	order	포유류	0.9517832647462277
밤게과	order	연갑강	0.9558823529411764
배각류	order	다지류	0.6546382643688216
배각류	order	소각류	0.7103375673907619
뱅가이쿠스쿠스	order	유대류	0.9517832647462277
버마족제비오소리	order	포유류	0.9517832647462277
범고래	order	갈매기	0.6796960072595282
베도라치아목	order	조기어류	0.9517832647462277
벨루사우루스	order	공룡	0.7974124735588486
부채머리수리	order	뱀	0.6887027735799583
사람아과	order	침팬지	0.838695882465831
사향고양이하목	order	하이에나	0.7227961059560077
샛비늘치목	order	조기어류	0.9517832647462277
설치류	order	멧밭쥐	0.7789862603967632
섬초롱꽃	order	초롱꽃목	0.7974124735588486
세룡	order	양서류	0.7918556077449572
소철류	order	검룡류	0.5
술라웨시난쟁이쿠스쿠스	order	유대류	0.9517832647462277
쉴리터두더지땃쥐	order	포유류	0.9517832647462277
시노케라톱스	order	각룡류	0.9884087387833935
신월가자미과	order	조기어류	0.9517832647462277
십각목	order	수상새아목	0.9761744966442953
십완상목	order	초형아강	0.9517832647462277
쌍살벌	order	나비	0.7203777123638938
아이젠트라우트쥐땃쥐	order	포유류	0.9517832647462277
아켈로우사우루스	order	케라톱스	0.8956329087039023
양볼락아목	order	조기어류	0.9517832647462277
에티오피아멧토끼	order	포유류	0.9517832647462277
영장류	order	곤충	0.7918556077449572
오징어	order	상어	0.5666510777508909
올링기토	order	포유류	0.9517832647462277
윈난멧토끼	order	포유류	0.9517832647462277
임마과	order	나방	0.7227961059560077
전갱이목	order	조기어류	0.9517832647462277
전복	order	성게류	0.6891150039621655
조록나무과	order	프로테아목	0.6635751248840454
주걱벌레붙이목	order	연갑강	0.9517832647462277
주걱치목	order	농어아목	0.9761744966442953
주청케라톱스	order	렙토케라톱스	0.8956329087039023
준치	order	멸치	0.838695882465831
짧은귀주머니쥐	order	유대류	0.9517832647462277
차오양사우루스과	order	각룡류	0.9884087387833935
캥거루아목	order	유대류	0.9517832647462277
코일루루스	order	공룡	0.7974124735588486
콘도르과	order	맹금류	0.6732698795813953
콘드리엘라_푸실라	order	진정홍조강	0.9517832647462277
크네모필루스과	order	새	0.9517832647462277
큰박쥐류	order	관박쥐	0.838695882465831
킬로돈과	order	조기어류	0.9517832647462277
킬리만자로땃쥐	order	포유류	0.9517832647462277
테르모프로테우스목	order	테르모프로테우스강	0.9517832647462277
토로사우루스	order	도마뱀	0.6796960072595282
퉁가리과	order	물고기	0.6121284948295672
티라노사우루스과	order	공룡	0.7974124735588486
파이오필라속	order	갈파래강	0.9517832647462277
햄스터	order	거북	0.6208160900460181
홍조식물	order	네마스토마목	0.6482746290539024
JYP_엔터테인먼트	owner	브랜뉴뮤직	0.975
LG텔레콤	owner	LG그룹	0.27424242424242423
간토_지방	owner	도쿄_도_교통국	0.2625
강릉시청_축구단	owner	강원_FC	0.5
강변로_(경주시)	owner	경주여자고등학교	0.5
게이큐_본선	owner	동일본여객철도	0.7053791257805531
게이큐_본선	owner	서일본여객철도	0.7166554659498208
고짓코쿠_역	owner	홋카이도_여객철도	1.0
구글	owner	엔비디아	0.9583333333333333
금호타이어	owner	아시아나항공	0.8866753722675724
달리역	owner	울산공업고등학교	0.5
대한국민항공	owner	대한항공	0.2748161764705882
도나우_강	owner	프랑스군	0.5
독일철도	owner	사노피	0.5
드네프르_강	owner	소련군	0.2747863247863248
런던_개트윅_공항	owner	영국항공	0.75
록스타_리즈	owner	록스타_게임스	0.8866753722675724
미스_월드	owner	미스_인터내셔널	0.8866753722675724
밀라노_말펜사_공항	owner	알리탈리아_항공	0.7333333333333334
사이버링크	owner	삼성그룹	0.27424242424242423
삼성전자	owner	텍사스_인스트루먼트	0.2625
상하이_항공	owner	샤먼_항공	0.2625
생텍쥐페리_국제공항	owner	에어프랑스	0.75
서초동	owner	교보문고	0.3140350877192982
성남시	owner	대한송유관공사	0.7215079123554473
성남시	owner	한국토지주택공사	0.7215079123554473
세이브존	owner	금호아시아나그룹	0.6938038020086084
센자키_역	owner	지선_(가수)	0.5
센트럴_파크	owner	채드윅송도국제학교	0.01578947368421052
소니_픽처스_엔터테인먼트	owner	사노피	0.06747755541400646
소스포지	owner	구글	0.7164644060300984
시로이시_시	owner	홋카이도_여객철도	0.7215079123554473
시티오브런던	owner	스토크_시티_FC	0.5
신사우도서관	owner	춘천시립도서관	0.5
아메리칸_항공	owner	일본항공	0.2711538461538462
아에로플로트	owner	아스타나_항공	0.2711538461538462
아오바_역	owner	홋카이도_여객철도	1.0
아즈치_성	owner	오다_노부나가	0.5
알리안츠_아레나	owner	TSV_1860_뮌헨	1.0
오스트레일리아_항공	owner	콴타스_항공	0.75
온네나이_역	owner	홋카이도_여객철도	1.0
용인시청_축구단	owner	최태원_(기업인)	0.5
울산_현대_축구단	owner	현대오일뱅크	0.047607052896725455
원주공항	owner	제8전투비행단_(대한민국)	0.025000000000000022
인천_도시철도	owner	가천대학교	0.9869565217391305
전일본공수	owner	에어아시아	0.2748161764705882
코니카_미놀타	owner	소니	0.7892849410106277
퀄컴	owner	엔비디아	0.9583333333333333
파리_오를리_공항	owner	브릿_에어	0.7329891106566238
할름스타드_BK	owner	대한민국_축구_국가대표팀	0.5
현풍고등학교_축구부	owner	현풍고등학교	0.5
홋카이도	owner	동일본_고속도로	0.7215079123554473
히든패스_엔터테인먼트	owner	밸브_코퍼레이션	0.5
김영수_(1975년)	parent	김석원	0.5
루이_19세	parent	오스트리아의_마리_테레즈	0.7206960276970193
발해_선왕	parent	루이_14세	0.33431084358789165
비류왕	parent	구수왕	0.5
스웨덴_왕세녀_빅토리아	parent	빅토리아_(영국)	0.016790894521114375
에드먼드_1세	parent	헨리_3세	0.7204274513591347
에포닌	parent	가이우스_마리우스	0.2796530306275434
엘리사_(예언자)	parent	엘리야	0.5
엘리자베트_폰_외스터라이히운가른_황후	parent	루이_14세	0.016790894521114375
예수	parent	사도_요한	0.6825977207276814
오스트리아의_마리아나	parent	보헤미아와_헝가리의_안나	0.016790894521114375
유리_조르카에프	parent	장_조르카에프	0.75
윤증현	parent	이건희	0.9557142857142857
이순신	parent	조선_선조	0.7244869992347256
조선_단종	parent	조선_세조	0.950705329153605
조선_태종	parent	고려_태조	0.723120076937168
카를_5세	parent	프랑수아_1세_(프랑스)	0.7250382262996942
카미스_카다피	parent	무아마르_알_카다피	0.9991298527443107
코제트	parent	팡틴	0.9991298527443107
효철의황후	parent	서태후	0.724904569221279
곽광	position	하동군	0.5
교황_비오_5세	position	스페인	0.5
교황_스테파노_2세	position	랑고바르드_왕국	0.5
교황_우르바노_8세	position	나폴리_왕국	0.5
궁예	position	개성특급시	0.5
김동엽	position	삼성그룹	0.5
김아랑	position	목	0.5
김영철_(희극인)	position	창원시	0.5
김유민	position	발해	0.5
김형호	position	포지션_(음악_그룹)	0.5
당_태종	position	고구려	0.5
당_헌종	position	당나라	0.5
도쿠가와_이에시게	position	에도_막부	0.5
동주_열왕	position	주나라	0.5
레오_6세_(비잔티움_제국)	position	콘스탄티노폴리스_총대주교_포티오스_1세	0.5
로널드_레이건	position	미국_주택도시개발부	0.5
로베르_2세_(프랑스)	position	부르고뉴	0.5
루이_14세	position	포르투갈	0.5
루이_16세	position	미국_재무부	0.5
마르코_(배우)	position	대한민국_내무부	0.5
모리야마_마유미	position	중의원	0.5
미꾸리속	position	한반도	0.5
박석민	position	머리	0.5
박정희	position	한국_광복군	0.5
박형	position	상주시	0.5
벨리사리우스	position	이탈리아	0.5
블라디미르_모노마흐	position	키예프	0.5
빌헬름_슈투카르트	position	대한민국_내무부	0.5
빌헬름_카이텔	position	무장친위대	0.5
살러시_페렌츠	position	국가사회주의_독일_노동자당	0.5
샤이반	position	중앙아시아	0.5
시빌라_(예루살렘_여왕)	position	유럽	0.5
아드리아누_레이치_히베이루	position	포지션_(음악_그룹)	0.5
안나_콤네네	position	공주시	0.5
에드워드_7세	position	작센코부르크고타_공국	0.5
오다_노부히데	position	무로마치_막부	0.5
오시마_다다모리	position	중의원	0.5
요한네스_4세	position	발칸_반도	0.5
위안스카이	position	붉은_군대	0.5
윌리엄_3세	position	아일랜드_왕국	0.5
윌리엄_적슨	position	캔터베리	0.5
유소_(유송)	position	위_(삼국)	0.5
유제프_안토니_포니아토프스키	position	오스트리아_연방육군	0.5
유진산	position	신민당_(1967년)	0.5
이건_(대한제국_황족)	position	서울시립대학교	0.5
이기붕	position	자유당_(대한민국)	0.5
이목희	position	상주시	0.5
이반_3세	position	러시아	0.5
이오시프_스탈린	position	유엔_평화유지군	0.5
자금우	position	한반도	0.5
전한_고제	position	후한	0.5
전한_무제	position	한나라	0.5
제_위왕	position	위_(삼국)	0.5
제임스_롱스트리트	position	제1군단_(대한민국)	0.5
조선_세조	position	강원도	0.5
조선_세조	position	고려	0.5
조지_W._부시	position	미국_국무부	0.5
존_맥도널드	position	보수당_(영국)	0.5
주_휴왕	position	주나라	0.5
짐_앤더튼	position	노동당_(영국)	0.5
참회왕_에드워드	position	아키텐	0.5
최문기	position	대한민국_미래창조과학부	0.5
카롤_1세	position	소련	0.5
카를_5세	position	우에스카	0.5
카를_5세	position	헝가리_왕국	0.5
카를_게프하르트	position	친위대_(나치)	0.5
카를로스_4세	position	스페인	0.5
콘라트_2세	position	베로나	0.5
틴다레오스	position	스파르타	0.5
펠리페_6세	position	공주시	0.5
표트르_2세	position	러시아_제국	0.5
프란츠_1세	position	로렌	0.5
프랑수아_1세_(프랑스)	position	랭스_대성당	0.5
프랑수아_1세_(프랑스)	position	이탈리아	0.5
프랑수아_1세_(프랑스)	position	플랑드르	0.5
프리드리히_2세_(프로이센)	position	오스트리아	0.5
프리드리히_아우구스트_1세	position	작센_왕국	0.5
피에르_루이지_베르사니	position	민주당_(미국)	0.5
하시모토_류타로	position	대일본청년당	0.5
한동우	position	신한금융그룹	0.5
함풍제	position	청나라	0.5
헌정회	position	중의원	0.5
헤라클레스	position	스파르타	0.5
현재윤	position	빗장뼈	0.5
후야오방	position	중화인민공화국_감찰부	0.5
후쿠시마_미즈호	position	참의원_(일본)	0.5
구글	product	웹킷	0.7193629205440228
기아자동차	product	조선_단종	0.5
넥슨	product	한게임	0.9551724137931035
넷플릭스	product	제시카_존스_(드라마)	1.0
닉툰스_(미국)	product	랜덤!_카툰스	0.18043373599439777
루프트한자	product	루프트한자_시티라인	0.75
마블_코믹스	product	스타로드	0.5
마이크로소프트	product	마이크로소프트_워드	0.9916666666666667
마이크로소프트	product	비주얼_C++	0.9916666666666667
마이크로소프트	product	안드로이드_(운영_체제)	0.75
마이크로소프트	product	액티브X	0.9916666666666667
마크로젠	product	바이오	0.37935267857142857
모질라_재단	product	시몽키	0.7049401913875598
모토로라_인코퍼레이티드	product	모토블러	0.8047619047619048
삼성SDS	product	넥슨_코리아	0.2747311827956989
소니_인터랙티브_엔터테인먼트	product	안드로이드_(운영_체제)	0.7259615384615384
슈에이샤	product	바쿠만	0.9815217391304347
어도비_시스템즈	product	아파치_플렉스	0.9916666666666667
포드_모터_컴퍼니	product	푸조	0.2747311827956989
한창여객	product	FIFA_월드컵	0.5
DJMAX_RAY	publisher	네오위즈홀딩스	0.7117716302487889
나이트_온라인	publisher	엠게임	0.9814471243042672
네버윈터_나이츠	publisher	바이오웨어	0.9768776824034335
댄스_댄스_레볼루션_with_마리오	publisher	코나미	0.9768776824034335
드래곤_컬렉션	publisher	코나미	0.6856241234221598
리코쳇	publisher	밸브_코퍼레이션	0.9814471243042672
마리오브라더스	publisher	닌텐도	0.990909090909091
메이플스토리	publisher	위젯_스튜디오	0.9837209302325581
메이플스토리_2	publisher	넥슨	0.9506
메탈레이지	publisher	넥슨지티	0.9814471243042672
바이오쇼크_인피니트	publisher	마이크로소프트	0.7227077442838556
박앵귀_~신선조기담~	publisher	오토메이트	0.5
뱀파이어_나이트	publisher	반다이_남코_엔터테인먼트	0.7048610995337568
블레이드_앤_소울	publisher	엔씨소프트	0.9814471243042672
스와트_4	publisher	비방디	0.7204845862863603
심타워	publisher	마이크로소프트	0.7227077442838556
완다와_거상	publisher	소니_인터랙티브_엔터테인먼트	0.7234015565735679
워록	publisher	드림익스큐션	0.9814471243042672
유비트_코피어스	publisher	코나미	0.9768776824034335
포켓몬스터_오메가루비·알파사파이어	publisher	닌텐도	0.987280701754386
50센트	recordLabel	애프터매스_엔터테인먼트	0.9520661157024793
닥터_드레	recordLabel	애프터매스_엔터테인먼트	0.9811475409836066
데이먼_대시	recordLabel	데프_잼_레코딩스	0.9616666666666667
데이먼_대시	recordLabel	로커펠라_레코드	0.9811475409836066
디즈니_채널	recordLabel	할리우드_레코드	0.5
루다크리스	recordLabel	데프_잼_레코딩스	0.9333258727857927
샤니아_트웨인	recordLabel	아리스타_레코드	0.707122673448388
숀_콤스	recordLabel	애프터매스_엔터테인먼트	0.7232862158579811
애프터매스_엔터테인먼트	recordLabel	셰이디_레코드	0.72578125
어셔	recordLabel	아일랜드_레코드	0.9503826530612245
에미넴	recordLabel	셰이디_레코드	0.9811475409836066
자_룰	recordLabel	데프_잼_레코딩스	0.7234160958265661
재팬_(밴드)	recordLabel	큔_뮤직	0.588627309127756
제이지	recordLabel	데프_잼_레코딩스	0.9507446746231198
캄론	recordLabel	로커펠라_레코드	0.8897454897350257
캠프_락	recordLabel	할리우드_레코드	0.7141975130133025
탑_독_엔터테인먼트	recordLabel	인터스코프_레코드	0.725735294117647
필립스	recordLabel	도이체_그라모폰	0.2961938626177627
한국	recordLabel	FNC_엔터테인먼트	0.5
한국	recordLabel	정글_엔터테인먼트	0.5
김규식	relative	안재홍	0.7044642857142858
김동석_(1966년)	relative	장동건	0.6953134195429238
김명봉	relative	김병현	0.5
김안국	relative	남곤	0.5
노엘_갤러거	relative	리엄_갤러거	1.0
루이즈_마운트배튼	relative	제1대_버마의_마운트배튼_백작_루이스_마운트배튼	0.9852941176470589
박은식	relative	조동호	0.6872253409560546
서재필	relative	박영효	0.7219626900122004
셰인_맥마흔	relative	스테퍼니_맥마흔	0.996551724137931
안중근	relative	윤봉길	0.6009313725490196
윤치영	relative	윤치호	0.9432657708652679
이극로	relative	백남운	0.5
이기붕	relative	김규식	0.7333333333333334
이상재	relative	허헌	0.72042110190354
이순신	relative	윤휴	0.9961597542242704
장면	relative	장택상	0.7203550024006224
정명훈	relative	정경화	0.99
주희	relative	주돈이	0.7416666666666667
체사레_보르자	relative	호프레_보르자	0.9852941176470589
테오_반_고흐_(미술상)	relative	빈센트_반_고흐	1.0
토마스_맥켈리	relative	프랜시스_휴스	0.7095621236772947
한명회	relative	김질_(1422년)	0.7202328395152948
호유용	relative	홍무제	0.30784596688439925
홍명희	relative	허헌	0.7333333333333334
교황_텔레스포로	religion	가르멜회	0.7176973684210526
김석주	religion	소론	0.5
남인	religion	시파	0.5
도미니코	religion	도미니코_수도회	0.7375
듀크_대학교	religion	예수회	0.5
로베르토_벨라르미노	religion	예수회	0.42776315789473685
로욜라의_이냐시오	religion	예수회	0.3153947368421053
민주당_(미국)	religion	민주파	0.5
바오로_미키	religion	예수회	0.42776315789473685
브리검영_대학교	religion	예수_그리스도_후기성도_교회	0.6325000000000001
서던캘리포니아_대학교	religion	기독교청년회	0.5
송시열	religion	소론	0.5
윌리엄_1세_(잉글랜드)	religion	프란치스코회	0.5
장제스	religion	신사군	0.5
정순왕후_(조선_영조)	religion	시파	0.5
조선_영조	religion	소론	0.5
줄리아노_데_메디치	religion	프란치스코회	0.5
카를루스_필리프_시메느스_벨루	religion	살레시오회	0.5
클레르보의_베르나르	religion	시토회	0.3153947368421053
파도바의_안토니오	religion	프란치스코회	0.5
권기옥	spouse	김경오	0.19210018552875696
기시_노부스케	spouse	아베_신조	1.0
김영춘_(1962년)	spouse	신기남	0.6633033033033033
김진아_(배우)	spouse	양자경	0.7097475455820477
김현중	spouse	구혜선	0.7578231292517006
나가노_아이	spouse	서유리	0.3330815124748179
나르세스	spouse	토틸라	0.7042230576441103
나카무라_토오루	spouse	에모토_아키라	0.7107504826254827
나카소네_야스히로	spouse	하시모토_류타로	1.0
니콜_키드먼	spouse	존_캐머런_미첼	0.8780351851851852
데이비드_핀처	spouse	라세_할스트룀	0.7062544014084506
돈_프레이저	spouse	페트리아_토머스	0.3738299940370487
라이언_고즐링	spouse	캐리_멀리건	0.702130196567176
레이철_매캐덤스	spouse	베네딕트_웡	0.702130196567176
로멀러_개리	spouse	크리스토퍼_리	0.702130196567176
로베르트_슈벤트케	spouse	레이철_매캐덤스	0.7166816726690677
뤄샤오쥐안	spouse	브리타_하이데만	0.28210785306602815
리나_(펜싱_선수)	spouse	쉬안치	0.6255769290700574
리나_(펜싱_선수)	spouse	타카하시_쥬리	0.5
리베카_슈거	spouse	펜들턴_워드	0.6942554429798675
리즐_존스	spouse	페트리아_토머스	0.37618045528374544
마이클_섀넌	spouse	코디_스밋맥피	0.702130196567176
막시_헤르버	spouse	에른스트_바이어	0.6573684210526316
메리_2세_(잉글랜드)	spouse	조선_선조	0.05350988820015806
모리쿠보_쇼타로	spouse	정명준	0.3159942536756184
미셸_모너핸	spouse	모건_프리먼	0.7157766172506739
박미선	spouse	김성은_(군인)	0.7253424657534246
박상아	spouse	조민기	0.7114953642526402
박수홍	spouse	윤기원_(배우)	0.7018818712563499
박지아	spouse	하정우	0.7114953642526402
백지영	spouse	박장근	0.7333333333333334
버락_오바마	spouse	엘레나_케이건	0.822189349112426
부르빌	spouse	루이_드_퓌네스	0.702130196567176
브래드_피트	spouse	줄리아_로버츠	0.75
샤를리즈_테론	spouse	크리스티나_헨드릭스	0.7235512971068645
서영교	spouse	김다니	0.7172220207332185
선우용여	spouse	장정희	0.7198845396176856
세라_페일린	spouse	존_매케인	0.689604462474645
송강호	spouse	존_허트	0.702130196567176
쉬안치	spouse	뤄샤오쥐안	0.7063211745683866
스코티_톰프슨	spouse	브리트니_대니얼	0.7238561710993994
스파이더맨	spouse	메리_제인_왓슨	0.7208193979933111
시드니_폴락	spouse	바브라_스트라이샌드	0.7212030230470848
신경숙	spouse	테레자_보우치코바	0.3159942536756184
신창원	spouse	유영철	0.6906822418108959
신현준_(군인)	spouse	정재영	0.7058025019962736
아르투르_아빌라	spouse	만줄_바르가바	0.6471417069243156
아리크부카	spouse	차가타이_칸	0.9507772020725389
안석주	spouse	윤봉춘	0.678132294189814
알바로_오브레곤	spouse	에밀리아노_사파타	0.7205423259618107
알베르토_후지모리	spouse	게이코_후지모리	0.9983333333333333
애니_점프_캐넌	spouse	헨리에타_스완_리비트	0.7182449494949494
애덤_무토	spouse	리베카_슈거	0.8309698238269667
앤_해서웨이	spouse	로즈메리_디윗	0.7063211745683866
앨프리드_히치콕	spouse	조지_큐커	0.7243806221889055
엘리자베타_알렉세예브나	spouse	세르게이_키로프	0.6902527120550609
오스트리아의_마리아_아말리아_(1701년)	spouse	페르디난도_1세_(양시칠리아)	0.7180909942704519
오스트리아의_마리아_안토니아	spouse	로베르토_1세	0.0364448051948052
요제프_1세	spouse	아말리아_호드리게스	0.0364448051948052
요제프_2세	spouse	이사벨라_드_프랑스	0.03583750695603782
우위썬	spouse	에런_엑하트	0.7235512971068645
윌리엄_셰익스피어	spouse	엘런_테리	0.7255681818181818
유재석	spouse	김준호_(희극인)	0.73125
유진위	spouse	장만옥	0.8405387714179227
의민태자	spouse	이은경	0.0364448051948052
이대진	spouse	신동수_(야구인)	0.6255769290700574
이루마	spouse	조지_윈스턴	0.6636904761904762
이선주	spouse	한인숙	0.6987203561841855
이선호_(성우)	spouse	타나카_마유미	0.3333828033942633
이용규	spouse	홍현우	0.6255769290700574
이효정_(배우)	spouse	선우재덕	0.7221102476930549
임예진	spouse	남성진	0.7167094173158969
임청하	spouse	관즈린	0.702130196567176
장석남	spouse	하성란	0.3738299940370487
장성민	spouse	박중훈	0.7144763417596872
장필순	spouse	박정운	0.659407465003599
잭_스나이더	spouse	매슈_구드	0.7166816726690677
정우성	spouse	손예진	0.7140851473784849
제러미_코빈	spouse	야니스_바루파키스	0.03653846153846152
제시카_비엘	spouse	브래들리_쿠퍼	0.702130196567176
제시카_채스테인	spouse	톰_히들스턴	0.702130196567176
제이미_벨	spouse	틸다_스윈턴	0.7229033046486394
조선_경종	spouse	헌애왕후	0.12849331344902554
조선_태종	spouse	측천무후	0.7058707819597664
조이_살다나	spouse	가모라	0.5
조지_클루니	spouse	브래드_피트	0.7175314645308924
지미_카터	spouse	로널드_레이건	0.9550847457627119
차지철	spouse	김계원	0.6755638766519824
찰스_위드모어	spouse	케이트_오스틴	1.0
카를_5세	spouse	모리스_드_삭스	0.019230769230769218
카야_스코델라리오	spouse	프랜시스_오코너	0.7231022577110259
코엔_형제	spouse	하비에르_바르뎀	0.6836338233171885
클린트_이스트우드	spouse	리_밴클리프	0.7787632893780494
킬리언_머피	spouse	켈리_맥도널드	0.7234795326382504
토머스_제퍼슨	spouse	에런_버	0.9983333333333333
톰_행크스	spouse	아키바_골즈먼	0.7203326580658919
펠리페_5세	spouse	파르마의_마리아_루이사_(1751년)	0.7237822730902316
프랭클린_D._루스벨트	spouse	존_낸스_가너	0.9983333333333333
프리드리히_하이에크	spouse	밀턴_프리드먼	0.9875
헬무트_쇤	spouse	헤네스_바이스바일러	0.7040779613221405
황신혜	spouse	김승수_(배우)	0.7145345957201679
경마장_가는_길	subsequentWork	결혼_이야기	0.6776217830882353
그들도_우리처럼	subsequentWork	결혼_이야기	0.6776217830882353
나이트메어_(2010년_영화)	subsequentWork	파이널_데스티네이션_5	0.6221153846153846
내_사랑_팥쥐	subsequentWork	위풍당당_그녀	0.6932840622479968
다빈치_코드	subsequentWork	천사와_악마	0.9504500978473581
더_딥_블루_씨	subsequentWork	미드나잇_인_파리	0.27045454545454545
데쓰_프루프	subsequentWork	플래닛_테러	0.7333066666666667
두사부일체	subsequentWork	색즉시공	0.72059375
로도스도_전기	subsequentWork	초시공요새_마크로스	0.5
미션_임파서블	subsequentWork	수퍼맨_리턴즈	0.5879456327985739
바람_피기_좋은_날	subsequentWork	냄새를_보는_소녀_(드라마)	0.716472718865598
바이센테니얼맨	subsequentWork	판타스틱_4_(2005년_영화)	0.7237564862861379
뻐꾸기_둥지_위로_날아간_새_(영화)	subsequentWork	양들의_침묵	0.5
세상의_중심에서_사랑을_외치다	subsequentWork	태양의_노래	0.5397200897789683
슈퍼_마리오_랜드	subsequentWork	마더_(2009년_영화)	0.5
슈퍼스타_감사용	subsequentWork	돌아온_일지매	0.716472718865598
슈퍼스타_감사용	subsequentWork	비밀애	0.716472718865598
스타십_트루퍼스	subsequentWork	토탈_리콜	0.75
스트리트_킹	subsequentWork	퓨리_(2014년_영화)	0.7333066666666667
에반_올마이티	subsequentWork	겟_스마트_(영화)	0.716472718865598
염신전대_고온저	subsequentWork	비너스_버서스_바이러스	0.5
요술공주_샐리	subsequentWork	바벨_2세	0.6716939685491852
윈도우_비스타	subsequentWork	윈도우_서버_2008	0.5
잉글리쉬_페이션트	subsequentWork	콜드_마운틴	0.72059375
작안의_샤나	subsequentWork	토라도라!	0.6397597254004577
쥬만지	subsequentWork	다이하드_3	0.5976879900213827
지옥의_기계	subsequentWork	마녀와_야수	0.27912087912087913
캔디맨_(영화)	subsequentWork	불멸의_연인	0.72059375
케이온!	subsequentWork	마법소녀_마도카☆마기카	0.5
콜롬비아나	subsequentWork	테이큰_3	0.72059375
판타스틱_4_(2015년_영화)	subsequentWork	엑스맨_(영화_시리즈)	0.635
2006년_FIFA_월드컵	team	발렌시아_CF	0.25
2012년_하계_올림픽_펜싱_여자_사브르_개인	team	대한민국_축구_국가대표팀	0.5
FIFA_월드컵	team	풀럼_FC	0.28320996684846034
FIFA_클럽_월드컵	team	AC_밀란	0.7046234917015088
K3리그	team	경주_시민축구단	0.995
K3리그	team	고려대학교_축구부	0.7416666666666667
K리그	team	노스이스트_유나이티드_FC	0.6999230769230769
K리그	team	전북_현대_모터스	0.7277777777777777
UEFA_U-21_축구_선수권_대회	team	프랑스_축구_국가대표팀	0.27285714285714285
UEFA_유럽_축구_선수권_대회	team	폴란드_축구_국가대표팀	0.5
UEFA_유로_2004_결승전	team	보스턴_셀틱스	0.440625
그레미우	team	아틀레치쿠_파라나엔시	0.565
김민수_(격투기_선수)	team	서울_SK_나이츠	0.9510204081632653
내셔널_하키_리그	team	토론토_메이플리프스	0.6025
니코_(가수)	team	레알_마드리드_카스티야	0.7218787479011753
대한민국_축구_국가대표팀	team	발렌시아_CF	0.59
대한민국_축구_국가대표팀	team	웨일스_축구_국가대표팀	0.45299999999999996
데포르티보_라코루냐	team	리버풀_FC	0.565
덴버_너기츠	team	디트로이트_피스턴스	0.40900000000000003
도널드_덕	team	뉴욕_양키스	0.6577711655064002
라리가	team	SC_바스티아	1.0
라리가	team	레알_베티스	1.0
래리_존슨_(농구_선수)	team	뉴올리언스_펠리컨스	0.6922670807453416
로사리오_센트랄	team	레알_마드리드_CF	0.27142857142857146
리그_1	team	FC_낭트	1.0
리그_1	team	FC_서울	0.7125
마이애미_말린스	team	신시내티_레즈	0.25
마이클_도슨_(로스트)	team	스토크_시티_FC	0.5
맷_홀리데이	team	뉴욕_양키스	0.7186880115551275
배트맨	team	노리치_시티_FC	0.5
보카_주니어스	team	ACF_피오렌티나	0.27142857142857146
비에이리냐	team	포르투갈_축구_국가대표팀	0.9048474056606575
사우디아라비아_축구_국가대표팀	team	FC_서울	0.59
세골렌_루아얄	team	클뤼프_브뤼허_KV	0.048414985590778115
세리에_A	team	포자_칼초	0.75
스웨덴_하키_리그	team	디트로이트_레드윙스	0.5
스코틀랜드_프리미어십	team	엑서터_치프스	0.2751528174416155
스코틀랜드_프리미어십	team	할리퀸_FC	0.2751528174416155
슬로베니아_여자_축구_국가대표팀	team	포르투갈_여자_축구_국가대표팀	0.5
시애틀_매리너스	team	텍사스_레인저스	0.45299999999999996
시애틀_시호크스	team	피츠버그_스틸러스	0.255
아이티_축구_국가대표팀	team	대한민국_축구_국가대표팀	0.47472222222222227
알나스르_(리야드)	team	사우디아라비아_축구_국가대표팀	0.47472222222222227
알제리_축구_국가대표팀	team	독일_축구_국가대표팀	0.47472222222222227
애스턴_빌라_FC	team	스완지_시티_AFC	0.27142857142857146
에레디비시	team	브뢴뷔_IF	1.0
에밀리아노_사파타	team	VfB_슈투트가르트	0.5
에번즈빌_아이스멘	team	콜럼버스_카턴마우스	0.45299999999999996
우니온	team	차카리타_주니어스	0.5
이라크_축구_국가대표팀	team	대한민국_축구_국가대표팀	0.45299999999999996
인도_여자_축구_국가대표팀	team	포르투갈_여자_축구_국가대표팀	0.5
찰스_쉬렉	team	스토크_시티_FC	0.5
참회왕_에드워드	team	뉴욕_양키스	0.5
참회왕_에드워드	team	플로리다_팬서스	0.27249999999999996
커트_실링	team	뉴욕_양키스	0.6966493891151425
콘티넨탈_하키_리그	team	FC_디나모_모스크바	0.6043981481481482
키프로스_축구_국가대표팀	team	대한민국_축구_국가대표팀	0.45299999999999996
텍사스_레인저스	team	미네소타_트윈스	0.6495555555555556
페르난도_에르난데스	team	디트로이트_타이거스	0.9679310344827586
페예노르트	team	AC_밀란	0.565
포르투갈_축구_국가대표팀	team	SL_벤피카	0.6495555555555556
프리미어리그	team	AFC_본머스	1.0
프리미어리그	team	탬파베이_버커니어스	0.5
피츠버그_파이리츠	team	애틀랜타_브레이브스	0.6495555555555556
한국프로농구	team	보스턴_셀틱스	0.725462962962963
헤르타_BSC	team	우디네세_칼초	0.25
뉴욕_대학교	type	티시_예술대학	0.6149273406358872
대한민국_국군	type	주한_미군	0.46710526315789475
대한민국_국회	type	중의원	0.5
대한민국_재정경제부	type	전국은행연합회	0.5
데포르티보_파스토	type	파스토	0.5
도쿄_대학	type	와세다_대학	0.6730182230285153
도쿄_도_교통국	type	도영	0.5
독일_사회민주당	type	민주당_(미국)	0.5
멜버른_대학교	type	와세다_대학	0.46710526315789475
민주당_(미국)	type	중의원	0.5
브라운_대학교	type	예일_대학교	0.6149273406358872
서일본여객철도	type	시영	0.5
스탠퍼드_대학교	type	와세다_대학	0.6711498885268393
유엔_평화유지군	type	블루_(음악_그룹)	0.3049201666088164
인천신흥초등학교	type	영화초등학교_(인천)	0.5
일본_국회	type	중의원	0.5
팬아메리칸_월드_항공	type	유나이티드_항공	0.5
하와이_대학교	type	미시간_주립_대학교	0.5
한국폴리텍6대학	type	한국폴리텍대학	0.6373047552933009
한국폴리텍7대학	type	한국폴리텍대학	0.6373047552933009
